user,books
0 ,YouthBks
0 ,DoItYBks
0 ,GeogBks
1 ,ChildBks
1 ,identity
3 ,ChildBks
3 ,YouthBks
3 ,CookBks
3 ,RefBks
3 ,GeogBks
4 ,CookBks
4 ,GeogBks
5 ,ChildBks
5 ,ArtBks
5 ,Florence
6 ,YouthBks
7 ,YouthBks
7 ,RefBks
8 ,ChildBks
8 ,DoItYBks
9 ,ChildBks
9 ,YouthBks
9 ,CookBks
9 ,GeogBks
11 ,CookBks
11 ,GeogBks
12 ,ChildBks
12 ,ArtBks
12 ,Florence
13 ,ChildBks
13 ,YouthBks
13 ,DoItYBks
13 ,RefBks
13 ,ArtBks
13 ,ItalAtlas
13 ,ItalArt
14 ,ChildBks
14 ,YouthBks
14 ,CookBks
15 ,ChildBks
15 ,YouthBks
15 ,CookBks
15 ,GeogBks
16 ,CookBks
17 ,CookBks
18 ,ChildBks
18 ,YouthBks
18 ,CookBks
18 ,DoItYBks
18 ,RefBks
18 ,ArtBks
18 ,GeogBks
19 ,ChildBks
19 ,YouthBks
19 ,CookBks
19 ,ArtBks
19 ,Florence
20 ,YouthBks
21 ,ChildBks
23 ,CookBks
23 ,GeogBks
24 ,CookBks
25 ,YouthBks
25 ,CookBks
25 ,DoItYBks
25 ,ArtBks
25 ,GeogBks
26 ,ChildBks
26 ,CookBks
26 ,DoItYBks
26 ,RefBks
26 ,GeogBks
26 ,ItalCook
27 ,Florence
28 ,ChildBks
28 ,CookBks
28 ,RefBks
28 ,ArtBks
28 ,GeogBks
28 ,ItalCook
28 ,ItalAtlas
28 ,ItalArt
29 ,CookBks
30 ,ChildBks
30 ,YouthBks
30 ,GeogBks
32 ,CookBks
32 ,DoItYBks
32 ,ArtBks
32 ,ItalArt
33 ,CookBks
33 ,DoItYBks
33 ,GeogBks
33 ,ItalCook
35 ,ChildBks
35 ,YouthBks
35 ,CookBks
35 ,RefBks
35 ,ArtBks
35 ,GeogBks
35 ,ItalCook
36 ,CookBks
36 ,ItalCook
37 ,DoItYBks
38 ,CookBks
40 ,ChildBks
40 ,CookBks
40 ,DoItYBks
40 ,RefBks
40 ,GeogBks
41 ,DoItYBks
42 ,ChildBks
42 ,CookBks
42 ,DoItYBks
42 ,ArtBks
43 ,ChildBks
43 ,YouthBks
43 ,DoItYBks
43 ,RefBks
43 ,ArtBks
44 ,ArtBks
46 ,ChildBks
46 ,CookBks
47 ,ChildBks
48 ,ChildBks
48 ,YouthBks
48 ,CookBks
48 ,DoItYBks
48 ,RefBks
48 ,ArtBks
48 ,GeogBks
48 ,ItalCook
50 ,ChildBks
50 ,CookBks
50 ,DoItYBks
50 ,ArtBks
52 ,ChildBks
52 ,CookBks
52 ,DoItYBks
52 ,RefBks
52 ,ArtBks
52 ,GeogBks
52 ,ItalCook
52 ,ItalAtlas
52 ,ItalArt
54 ,ChildBks
54 ,CookBks
54 ,ArtBks
54 ,GeogBks
55 ,ChildBks
55 ,CookBks
55 ,DoItYBks
55 ,ArtBks
56 ,ChildBks
56 ,CookBks
56 ,DoItYBks
56 ,ArtBks
56 ,GeogBks
58 ,YouthBks
58 ,CookBks
58 ,DoItYBks
58 ,GeogBks
61 ,ChildBks
61 ,CookBks
61 ,RefBks
61 ,ArtBks
61 ,Florence
62 ,ChildBks
63 ,ChildBks
63 ,CookBks
63 ,ArtBks
63 ,GeogBks
63 ,ItalCook
63 ,ItalArt
63 ,Florence
64 ,ChildBks
67 ,CookBks
68 ,ChildBks
68 ,YouthBks
68 ,ArtBks
68 ,GeogBks
70 ,ChildBks
70 ,CookBks
70 ,ArtBks
70 ,GeogBks
70 ,ItalCook
70 ,ItalArt
70 ,Florence
71 ,CookBks
71 ,DoItYBks
72 ,ChildBks
73 ,ChildBks
73 ,CookBks
73 ,DoItYBks
73 ,GeogBks
73 ,ItalCook
74 ,ChildBks
76 ,DoItYBks
77 ,CookBks
78 ,ChildBks
78 ,GeogBks
79 ,CookBks
80 ,CookBks
80 ,RefBks
80 ,GeogBks
81 ,YouthBks
82 ,Florence
83 ,ChildBks
83 ,YouthBks
83 ,CookBks
83 ,DoItYBks
83 ,RefBks
84 ,ChildBks
84 ,YouthBks
84 ,CookBks
84 ,GeogBks
85 ,ChildBks
85 ,GeogBks
87 ,RefBks
87 ,GeogBks
89 ,ChildBks
90 ,DoItYBks
91 ,DoItYBks
92 ,ArtBks
93 ,ChildBks
93 ,CookBks
93 ,DoItYBks
93 ,GeogBks
94 ,ChildBks
94 ,YouthBks
94 ,CookBks
94 ,DoItYBks
94 ,RefBks
94 ,GeogBks
95 ,ChildBks
95 ,YouthBks
96 ,ChildBks
96 ,YouthBks
97 ,ChildBks
97 ,CookBks
97 ,GeogBks
97 ,ItalCook
98 ,ChildBks
98 ,YouthBks
98 ,CookBks
98 ,DoItYBks
98 ,GeogBks
99 ,ChildBks
99 ,CookBks
99 ,DoItYBks
99 ,GeogBks
100 ,ChildBks
100 ,YouthBks
100 ,CookBks
100 ,DoItYBks
100 ,RefBks
100 ,GeogBks
100 ,ItalCook
101 ,ChildBks
102 ,GeogBks
103 ,CookBks
103 ,Florence
104 ,YouthBks
104 ,DoItYBks
105 ,CookBks
105 ,DoItYBks
106 ,ChildBks
106 ,YouthBks
106 ,CookBks
106 ,DoItYBks
106 ,RefBks
106 ,ArtBks
106 ,GeogBks
106 ,ItalCook
106 ,ItalAtlas
106 ,ItalArt
107 ,CookBks
108 ,YouthBks
110 ,ChildBks
110 ,DoItYBks
110 ,ArtBks
110 ,GeogBks
110 ,Florence
111 ,CookBks
111 ,DoItYBks
111 ,RefBks
114 ,YouthBks
114 ,GeogBks
115 ,ChildBks
115 ,CookBks
116 ,ChildBks
116 ,YouthBks
116 ,DoItYBks
118 ,RefBks
119 ,GeogBks
119 ,Florence
120 ,CookBks
120 ,DoItYBks
120 ,ArtBks
120 ,GeogBks
120 ,ItalCook
120 ,ItalArt
122 ,ChildBks
123 ,YouthBks
123 ,RefBks
123 ,ArtBks
123 ,ItalAtlas
125 ,ChildBks
125 ,YouthBks
125 ,CookBks
125 ,DoItYBks
125 ,ArtBks
125 ,ItalCook
125 ,ItalArt
125 ,Florence
126 ,ChildBks
126 ,YouthBks
126 ,ArtBks
126 ,GeogBks
127 ,ChildBks
127 ,CookBks
127 ,DoItYBks
127 ,RefBks
127 ,GeogBks
128 ,RefBks
128 ,ArtBks
130 ,ArtBks
131 ,YouthBks
131 ,CookBks
131 ,RefBks
131 ,Florence
132 ,CookBks
133 ,YouthBks
134 ,CookBks
137 ,RefBks
137 ,GeogBks
138 ,CookBks
138 ,DoItYBks
138 ,ArtBks
138 ,ItalCook
138 ,ItalArt
139 ,Florence
140 ,ChildBks
140 ,DoItYBks
141 ,ChildBks
142 ,ChildBks
142 ,Florence
143 ,ChildBks
143 ,DoItYBks
143 ,GeogBks
144 ,CookBks
145 ,GeogBks
146 ,ChildBks
146 ,YouthBks
146 ,CookBks
146 ,DoItYBks
146 ,ArtBks
146 ,GeogBks
147 ,CookBks
148 ,RefBks
149 ,CookBks
150 ,DoItYBks
152 ,ChildBks
154 ,ChildBks
154 ,ArtBks
154 ,GeogBks
156 ,ChildBks
156 ,CookBks
157 ,ChildBks
157 ,CookBks
157 ,ItalCook
158 ,ChildBks
158 ,YouthBks
158 ,CookBks
158 ,RefBks
158 ,GeogBks
159 ,ChildBks
159 ,CookBks
159 ,DoItYBks
159 ,ArtBks
159 ,GeogBks
160 ,ChildBks
160 ,YouthBks
160 ,CookBks
160 ,DoItYBks
160 ,RefBks
161 ,CookBks
162 ,ArtBks
162 ,GeogBks
163 ,Florence
166 ,Florence
167 ,CookBks
167 ,DoItYBks
167 ,RefBks
167 ,ArtBks
169 ,ChildBks
170 ,DoItYBks
171 ,YouthBks
171 ,ArtBks
172 ,ChildBks
172 ,CookBks
172 ,RefBks
172 ,ArtBks
172 ,GeogBks
173 ,Florence
174 ,ChildBks
174 ,YouthBks
174 ,CookBks
174 ,DoItYBks
174 ,RefBks
175 ,ChildBks
175 ,CookBks
176 ,CookBks
176 ,ArtBks
177 ,ChildBks
179 ,ChildBks
179 ,YouthBks
181 ,ChildBks
181 ,YouthBks
181 ,CookBks
181 ,DoItYBks
181 ,RefBks
183 ,DoItYBks
183 ,Florence
184 ,DoItYBks
185 ,ChildBks
185 ,YouthBks
185 ,CookBks
185 ,DoItYBks
185 ,RefBks
185 ,ArtBks
185 ,ItalCook
185 ,ItalAtlas
185 ,ItalArt
186 ,ChildBks
186 ,YouthBks
186 ,CookBks
186 ,DoItYBks
186 ,ArtBks
186 ,Florence
187 ,YouthBks
187 ,ArtBks
190 ,ChildBks
191 ,CookBks
191 ,GeogBks
192 ,ChildBks
193 ,ChildBks
193 ,YouthBks
193 ,CookBks
193 ,ArtBks
195 ,Florence
196 ,GeogBks
197 ,ChildBks
197 ,CookBks
197 ,DoItYBks
198 ,ChildBks
198 ,CookBks
198 ,DoItYBks
199 ,CookBks
200 ,ChildBks
200 ,YouthBks
200 ,CookBks
200 ,DoItYBks
200 ,RefBks
200 ,GeogBks
201 ,ChildBks
201 ,CookBks
201 ,RefBks
201 ,ArtBks
201 ,GeogBks
203 ,YouthBks
203 ,CookBks
203 ,ItalCook
204 ,DoItYBks
204 ,GeogBks
205 ,ChildBks
205 ,DoItYBks
205 ,GeogBks
206 ,ChildBks
206 ,YouthBks
206 ,DoItYBks
206 ,RefBks
206 ,GeogBks
206 ,ItalAtlas
207 ,ChildBks
207 ,YouthBks
207 ,CookBks
207 ,RefBks
207 ,ArtBks
207 ,GeogBks
207 ,Florence
208 ,ChildBks
208 ,CookBks
208 ,DoItYBks
209 ,ChildBks
209 ,GeogBks
211 ,CookBks
212 ,DoItYBks
214 ,CookBks
214 ,GeogBks
215 ,ChildBks
215 ,YouthBks
215 ,DoItYBks
215 ,RefBks
215 ,ArtBks
216 ,ChildBks
216 ,CookBks
216 ,GeogBks
217 ,ArtBks
220 ,ChildBks
220 ,YouthBks
220 ,CookBks
220 ,DoItYBks
220 ,RefBks
221 ,ChildBks
221 ,GeogBks
223 ,CookBks
224 ,ChildBks
224 ,CookBks
224 ,RefBks
224 ,GeogBks
225 ,ChildBks
225 ,DoItYBks
225 ,RefBks
225 ,GeogBks
226 ,ChildBks
226 ,GeogBks
227 ,DoItYBks
228 ,ChildBks
228 ,YouthBks
228 ,CookBks
228 ,DoItYBks
228 ,ArtBks
228 ,GeogBks
229 ,CookBks
230 ,DoItYBks
231 ,YouthBks
231 ,DoItYBks
231 ,GeogBks
232 ,ChildBks
233 ,ChildBks
235 ,YouthBks
236 ,CookBks
237 ,ChildBks
237 ,CookBks
237 ,ArtBks
239 ,DoItYBks
239 ,ArtBks
241 ,ChildBks
242 ,ChildBks
242 ,YouthBks
242 ,CookBks
242 ,GeogBks
243 ,ChildBks
244 ,ChildBks
245 ,ChildBks
245 ,RefBks
245 ,ArtBks
245 ,GeogBks
245 ,Florence
246 ,ChildBks
246 ,CookBks
246 ,RefBks
246 ,ItalCook
246 ,Florence
247 ,ChildBks
249 ,ChildBks
249 ,Florence
250 ,ChildBks
252 ,ChildBks
252 ,CookBks
252 ,DoItYBks
252 ,ArtBks
254 ,DoItYBks
255 ,ChildBks
256 ,CookBks
256 ,DoItYBks
257 ,CookBks
261 ,CookBks
261 ,DoItYBks
262 ,ChildBks
264 ,ChildBks
265 ,CookBks
265 ,ArtBks
266 ,ChildBks
266 ,DoItYBks
266 ,GeogBks
266 ,Florence
268 ,ChildBks
269 ,ChildBks
270 ,ChildBks
270 ,YouthBks
270 ,CookBks
270 ,RefBks
270 ,ArtBks
271 ,ChildBks
271 ,YouthBks
271 ,CookBks
271 ,DoItYBks
271 ,RefBks
272 ,ChildBks
272 ,YouthBks
272 ,CookBks
272 ,DoItYBks
273 ,YouthBks
273 ,GeogBks
274 ,CookBks
274 ,ArtBks
276 ,GeogBks
278 ,Florence
279 ,ChildBks
284 ,ChildBks
284 ,CookBks
284 ,DoItYBks
284 ,ArtBks
284 ,GeogBks
284 ,ItalCook
285 ,RefBks
287 ,DoItYBks
288 ,YouthBks
288 ,DoItYBks
289 ,CookBks
289 ,ArtBks
291 ,ChildBks
291 ,YouthBks
291 ,GeogBks
292 ,ChildBks
292 ,DoItYBks
293 ,ChildBks
293 ,YouthBks
293 ,DoItYBks
293 ,RefBks
293 ,GeogBks
294 ,ChildBks
294 ,RefBks
294 ,ArtBks
294 ,GeogBks
294 ,ItalAtlas
294 ,ItalArt
294 ,Florence
295 ,ChildBks
295 ,YouthBks
295 ,ArtBks
295 ,GeogBks
295 ,ItalArt
296 ,ChildBks
296 ,DoItYBks
297 ,ChildBks
297 ,YouthBks
297 ,CookBks
297 ,DoItYBks
297 ,ArtBks
297 ,ItalCook
297 ,ItalArt
298 ,ChildBks
299 ,ChildBks
299 ,CookBks
300 ,DoItYBks
301 ,ChildBks
301 ,CookBks
301 ,DoItYBks
301 ,ArtBks
301 ,GeogBks
301 ,ItalCook
301 ,ItalArt
302 ,ChildBks
302 ,CookBks
302 ,RefBks
302 ,ArtBks
302 ,GeogBks
303 ,CookBks
304 ,ChildBks
304 ,DoItYBks
304 ,RefBks
304 ,ArtBks
304 ,GeogBks
307 ,ChildBks
307 ,YouthBks
307 ,CookBks
307 ,DoItYBks
307 ,RefBks
307 ,GeogBks
307 ,ItalCook
308 ,CookBks
309 ,YouthBks
309 ,CookBks
309 ,DoItYBks
309 ,RefBks
309 ,ArtBks
309 ,ItalCook
309 ,ItalAtlas
309 ,ItalArt
310 ,ChildBks
310 ,YouthBks
310 ,CookBks
310 ,RefBks
310 ,ArtBks
310 ,GeogBks
310 ,ItalCook
312 ,CookBks
312 ,ArtBks
314 ,CookBks
314 ,DoItYBks
314 ,RefBks
314 ,ArtBks
314 ,GeogBks
315 ,ChildBks
316 ,GeogBks
318 ,ChildBks
319 ,DoItYBks
320 ,ChildBks
320 ,RefBks
323 ,RefBks
324 ,GeogBks
325 ,ChildBks
326 ,ChildBks
326 ,DoItYBks
327 ,ChildBks
327 ,YouthBks
327 ,CookBks
327 ,DoItYBks
327 ,GeogBks
327 ,ItalCook
328 ,YouthBks
328 ,DoItYBks
330 ,ArtBks
330 ,GeogBks
331 ,YouthBks
331 ,ArtBks
331 ,Florence
332 ,Florence
334 ,DoItYBks
334 ,ArtBks
334 ,GeogBks
334 ,Florence
335 ,ChildBks
335 ,YouthBks
335 ,CookBks
335 ,RefBks
335 ,ArtBks
336 ,CookBks
337 ,RefBks
338 ,RefBks
338 ,Florence
339 ,ChildBks
339 ,CookBks
339 ,DoItYBks
339 ,RefBks
339 ,ArtBks
340 ,CookBks
340 ,ItalCook
341 ,ChildBks
342 ,ChildBks
342 ,CookBks
342 ,DoItYBks
342 ,RefBks
342 ,ArtBks
342 ,GeogBks
343 ,RefBks
344 ,ChildBks
344 ,YouthBks
344 ,CookBks
344 ,DoItYBks
345 ,DoItYBks
347 ,ChildBks
347 ,YouthBks
347 ,CookBks
347 ,DoItYBks
347 ,RefBks
347 ,ArtBks
347 ,GeogBks
347 ,Florence
348 ,ArtBks
348 ,Florence
349 ,ChildBks
349 ,CookBks
349 ,DoItYBks
349 ,RefBks
349 ,GeogBks
350 ,ChildBks
350 ,YouthBks
350 ,CookBks
350 ,ArtBks
350 ,GeogBks
350 ,ItalCook
350 ,ItalArt
351 ,DoItYBks
351 ,ArtBks
352 ,ChildBks
353 ,ChildBks
353 ,CookBks
353 ,DoItYBks
353 ,ArtBks
353 ,ItalCook
353 ,ItalArt
354 ,Florence
355 ,YouthBks
356 ,CookBks
357 ,ChildBks
357 ,GeogBks
358 ,RefBks
358 ,Florence
360 ,ChildBks
360 ,CookBks
360 ,DoItYBks
360 ,ArtBks
360 ,GeogBks
361 ,YouthBks
361 ,DoItYBks
362 ,ChildBks
362 ,YouthBks
362 ,CookBks
362 ,DoItYBks
362 ,GeogBks
363 ,ChildBks
364 ,ChildBks
364 ,ArtBks
366 ,ChildBks
366 ,YouthBks
366 ,CookBks
366 ,DoItYBks
366 ,ArtBks
366 ,ItalCook
366 ,ItalArt
368 ,ChildBks
368 ,ArtBks
368 ,Florence
369 ,RefBks
372 ,CookBks
372 ,GeogBks
372 ,Florence
373 ,ChildBks
373 ,YouthBks
373 ,CookBks
373 ,RefBks
373 ,GeogBks
373 ,ItalCook
373 ,ItalAtlas
374 ,ChildBks
374 ,YouthBks
376 ,CookBks
376 ,RefBks
378 ,ChildBks
378 ,YouthBks
378 ,CookBks
378 ,DoItYBks
378 ,ArtBks
378 ,GeogBks
379 ,ChildBks
379 ,DoItYBks
380 ,ChildBks
380 ,CookBks
380 ,DoItYBks
380 ,RefBks
380 ,GeogBks
381 ,CookBks
382 ,RefBks
382 ,ItalAtlas
382 ,Florence
383 ,ChildBks
383 ,ArtBks
384 ,YouthBks
386 ,YouthBks
386 ,CookBks
389 ,ChildBks
389 ,CookBks
389 ,RefBks
389 ,ArtBks
389 ,GeogBks
389 ,ItalCook
389 ,ItalAtlas
389 ,ItalArt
389 ,Florence
392 ,RefBks
393 ,CookBks
394 ,ChildBks
394 ,DoItYBks
394 ,RefBks
394 ,ArtBks
395 ,CookBks
397 ,ChildBks
397 ,CookBks
399 ,Florence
401 ,ChildBks
401 ,YouthBks
401 ,DoItYBks
401 ,ArtBks
401 ,GeogBks
402 ,GeogBks
404 ,ChildBks
404 ,CookBks
404 ,DoItYBks
404 ,ArtBks
405 ,ChildBks
405 ,CookBks
405 ,DoItYBks
405 ,RefBks
406 ,CookBks
406 ,RefBks
407 ,ChildBks
407 ,GeogBks
408 ,DoItYBks
410 ,RefBks
411 ,ChildBks
411 ,YouthBks
411 ,CookBks
411 ,DoItYBks
411 ,RefBks
412 ,ChildBks
413 ,ChildBks
414 ,YouthBks
414 ,RefBks
414 ,ItalAtlas
415 ,Florence
416 ,CookBks
416 ,DoItYBks
417 ,ArtBks
418 ,ChildBks
418 ,CookBks
418 ,DoItYBks
418 ,ArtBks
418 ,ItalCook
419 ,Florence
420 ,ChildBks
420 ,YouthBks
420 ,CookBks
420 ,DoItYBks
420 ,ArtBks
420 ,ItalCook
421 ,ChildBks
422 ,RefBks
425 ,YouthBks
425 ,DoItYBks
426 ,ChildBks
427 ,ChildBks
427 ,ArtBks
428 ,ChildBks
428 ,CookBks
428 ,DoItYBks
428 ,RefBks
429 ,Florence
430 ,YouthBks
430 ,CookBks
430 ,RefBks
430 ,ItalCook
431 ,YouthBks
431 ,GeogBks
434 ,ChildBks
434 ,ArtBks
436 ,DoItYBks
437 ,ChildBks
437 ,ArtBks
438 ,YouthBks
438 ,CookBks
438 ,DoItYBks
438 ,ArtBks
438 ,GeogBks
438 ,ItalCook
438 ,ItalArt
440 ,ChildBks
440 ,ArtBks
441 ,ChildBks
441 ,YouthBks
441 ,CookBks
441 ,ArtBks
441 ,GeogBks
441 ,ItalCook
441 ,Florence
442 ,ChildBks
442 ,YouthBks
442 ,CookBks
442 ,GeogBks
442 ,ItalCook
443 ,ChildBks
443 ,YouthBks
443 ,CookBks
443 ,RefBks
443 ,ArtBks
443 ,GeogBks
443 ,ItalCook
443 ,ItalAtlas
443 ,ItalArt
444 ,ChildBks
445 ,ArtBks
446 ,DoItYBks
447 ,Florence
448 ,CookBks
448 ,DoItYBks
449 ,YouthBks
450 ,CookBks
450 ,ArtBks
450 ,ItalArt
452 ,ChildBks
456 ,ChildBks
456 ,CookBks
456 ,DoItYBks
456 ,RefBks
456 ,GeogBks
457 ,ChildBks
458 ,CookBks
458 ,RefBks
459 ,ChildBks
459 ,YouthBks
459 ,CookBks
459 ,DoItYBks
459 ,ArtBks
459 ,GeogBks
459 ,ItalCook
459 ,ItalArt
460 ,CookBks
462 ,ChildBks
462 ,YouthBks
462 ,RefBks
462 ,ArtBks
462 ,GeogBks
463 ,ChildBks
463 ,CookBks
463 ,RefBks
463 ,GeogBks
464 ,ChildBks
464 ,YouthBks
464 ,CookBks
464 ,DoItYBks
464 ,GeogBks
464 ,ItalCook
465 ,Florence
466 ,ChildBks
466 ,CookBks
466 ,DoItYBks
466 ,RefBks
466 ,ArtBks
466 ,GeogBks
467 ,Florence
469 ,Florence
470 ,ArtBks
470 ,GeogBks
471 ,ChildBks
472 ,ChildBks
472 ,CookBks
472 ,ArtBks
472 ,GeogBks
472 ,ItalCook
473 ,CookBks
475 ,CookBks
475 ,ArtBks
475 ,GeogBks
476 ,CookBks
477 ,ChildBks
477 ,YouthBks
477 ,CookBks
477 ,DoItYBks
477 ,RefBks
477 ,GeogBks
478 ,YouthBks
478 ,CookBks
478 ,ArtBks
478 ,ItalCook
478 ,ItalArt
479 ,GeogBks
480 ,CookBks
482 ,ChildBks
482 ,YouthBks
482 ,CookBks
482 ,GeogBks
484 ,RefBks
484 ,GeogBks
485 ,YouthBks
485 ,CookBks
485 ,DoItYBks
485 ,RefBks
485 ,ArtBks
488 ,CookBks
489 ,DoItYBks
489 ,RefBks
489 ,ArtBks
489 ,Florence
490 ,ChildBks
491 ,ChildBks
491 ,YouthBks
491 ,RefBks
492 ,ChildBks
492 ,YouthBks
492 ,CookBks
492 ,ArtBks
492 ,GeogBks
492 ,ItalCook
493 ,ChildBks
493 ,YouthBks
493 ,CookBks
493 ,DoItYBks
493 ,RefBks
494 ,Florence
496 ,DoItYBks
496 ,GeogBks
497 ,ChildBks
497 ,YouthBks
497 ,CookBks
497 ,DoItYBks
497 ,ArtBks
497 ,GeogBks
498 ,CookBks
500 ,ChildBks
500 ,CookBks
500 ,ArtBks
500 ,Florence
502 ,ChildBks
503 ,ChildBks
503 ,YouthBks
503 ,CookBks
503 ,DoItYBks
503 ,GeogBks
505 ,ChildBks
506 ,DoItYBks
507 ,ChildBks
508 ,YouthBks
508 ,DoItYBks
508 ,GeogBks
509 ,YouthBks
510 ,ChildBks
510 ,YouthBks
510 ,CookBks
510 ,DoItYBks
510 ,RefBks
510 ,ArtBks
510 ,ItalCook
511 ,ChildBks
511 ,YouthBks
511 ,CookBks
511 ,DoItYBks
511 ,ArtBks
513 ,ChildBks
513 ,CookBks
513 ,RefBks
513 ,GeogBks
515 ,ChildBks
515 ,CookBks
517 ,Florence
519 ,ChildBks
520 ,ChildBks
520 ,GeogBks
521 ,ChildBks
521 ,CookBks
521 ,DoItYBks
521 ,RefBks
521 ,GeogBks
522 ,Florence
523 ,CookBks
524 ,ChildBks
524 ,YouthBks
524 ,CookBks
524 ,DoItYBks
524 ,ArtBks
524 ,GeogBks
525 ,RefBks
526 ,ChildBks
526 ,YouthBks
526 ,CookBks
526 ,RefBks
526 ,GeogBks
526 ,ItalCook
526 ,ItalAtlas
527 ,YouthBks
527 ,CookBks
527 ,ItalCook
528 ,ChildBks
530 ,ChildBks
530 ,CookBks
530 ,DoItYBks
530 ,RefBks
530 ,ArtBks
530 ,GeogBks
530 ,Florence
531 ,ChildBks
531 ,YouthBks
531 ,CookBks
531 ,DoItYBks
531 ,RefBks
531 ,ArtBks
531 ,GeogBks
532 ,YouthBks
533 ,ChildBks
533 ,ArtBks
533 ,GeogBks
533 ,Florence
535 ,CookBks
535 ,DoItYBks
535 ,ArtBks
535 ,GeogBks
535 ,Florence
536 ,DoItYBks
538 ,Florence
540 ,ChildBks
540 ,YouthBks
540 ,CookBks
540 ,ArtBks
540 ,GeogBks
541 ,DoItYBks
541 ,GeogBks
542 ,ChildBks
542 ,CookBks
542 ,DoItYBks
542 ,RefBks
542 ,GeogBks
543 ,YouthBks
544 ,CookBks
544 ,RefBks
546 ,ChildBks
546 ,YouthBks
546 ,CookBks
546 ,DoItYBks
546 ,RefBks
546 ,GeogBks
547 ,CookBks
549 ,YouthBks
551 ,ChildBks
551 ,DoItYBks
553 ,ChildBks
553 ,RefBks
553 ,ArtBks
553 ,Florence
555 ,ChildBks
555 ,CookBks
557 ,ChildBks
557 ,YouthBks
558 ,ChildBks
558 ,YouthBks
558 ,DoItYBks
558 ,RefBks
558 ,ArtBks
559 ,Florence
560 ,DoItYBks
561 ,ChildBks
562 ,ChildBks
562 ,YouthBks
562 ,CookBks
562 ,DoItYBks
563 ,Florence
564 ,ChildBks
564 ,CookBks
564 ,DoItYBks
564 ,RefBks
564 ,ArtBks
564 ,ItalAtlas
565 ,ChildBks
566 ,ChildBks
566 ,YouthBks
566 ,CookBks
566 ,DoItYBks
566 ,ArtBks
566 ,GeogBks
566 ,ItalCook
567 ,ChildBks
567 ,CookBks
567 ,RefBks
568 ,ChildBks
568 ,CookBks
568 ,DoItYBks
568 ,RefBks
568 ,GeogBks
568 ,ItalCook
570 ,ChildBks
570 ,YouthBks
570 ,DoItYBks
570 ,RefBks
570 ,ArtBks
571 ,ChildBks
571 ,YouthBks
571 ,CookBks
571 ,RefBks
571 ,ArtBks
572 ,YouthBks
573 ,DoItYBks
573 ,RefBks
573 ,ArtBks
573 ,GeogBks
573 ,Florence
574 ,ChildBks
574 ,YouthBks
574 ,CookBks
574 ,RefBks
574 ,ArtBks
574 ,GeogBks
574 ,ItalCook
574 ,ItalArt
575 ,CookBks
575 ,DoItYBks
575 ,GeogBks
576 ,CookBks
576 ,DoItYBks
577 ,DoItYBks
578 ,ChildBks
578 ,YouthBks
578 ,RefBks
578 ,ArtBks
578 ,GeogBks
580 ,CookBks
580 ,DoItYBks
580 ,RefBks
580 ,GeogBks
581 ,RefBks
582 ,ChildBks
582 ,GeogBks
583 ,ChildBks
583 ,YouthBks
583 ,RefBks
583 ,ArtBks
583 ,GeogBks
584 ,ChildBks
584 ,CookBks
585 ,ChildBks
585 ,CookBks
585 ,RefBks
585 ,GeogBks
585 ,ItalCook
587 ,ChildBks
587 ,RefBks
587 ,ArtBks
587 ,GeogBks
587 ,ItalAtlas
587 ,ItalArt
588 ,YouthBks
588 ,GeogBks
589 ,ChildBks
589 ,CookBks
589 ,DoItYBks
589 ,RefBks
589 ,ArtBks
589 ,ItalCook
589 ,ItalAtlas
589 ,ItalArt
590 ,DoItYBks
591 ,CookBks
591 ,ItalCook
592 ,ArtBks
592 ,Florence
594 ,DoItYBks
594 ,ArtBks
596 ,CookBks
597 ,ChildBks
597 ,YouthBks
597 ,DoItYBks
597 ,RefBks
597 ,ArtBks
597 ,GeogBks
599 ,ChildBks
599 ,YouthBks
599 ,CookBks
599 ,DoItYBks
599 ,RefBks
599 ,GeogBks
600 ,CookBks
600 ,Florence
601 ,ChildBks
602 ,YouthBks
603 ,ChildBks
603 ,YouthBks
603 ,CookBks
603 ,RefBks
603 ,GeogBks
603 ,ItalCook
603 ,ItalAtlas
604 ,GeogBks
605 ,DoItYBks
606 ,CookBks
606 ,Florence
608 ,DoItYBks
608 ,GeogBks
609 ,ChildBks
609 ,GeogBks
610 ,ChildBks
610 ,YouthBks
611 ,ChildBks
611 ,DoItYBks
611 ,RefBks
611 ,GeogBks
611 ,ItalAtlas
612 ,ChildBks
612 ,YouthBks
612 ,CookBks
612 ,DoItYBks
612 ,RefBks
612 ,GeogBks
612 ,Florence
613 ,CookBks
615 ,YouthBks
615 ,CookBks
615 ,DoItYBks
615 ,GeogBks
615 ,ItalCook
616 ,GeogBks
617 ,CookBks
617 ,ArtBks
618 ,ChildBks
619 ,ChildBks
619 ,YouthBks
619 ,CookBks
619 ,DoItYBks
619 ,RefBks
619 ,GeogBks
619 ,ItalCook
621 ,ChildBks
621 ,YouthBks
623 ,CookBks
625 ,ChildBks
625 ,YouthBks
625 ,CookBks
625 ,DoItYBks
625 ,RefBks
625 ,ArtBks
625 ,GeogBks
626 ,ChildBks
628 ,YouthBks
628 ,CookBks
629 ,ChildBks
629 ,YouthBks
629 ,CookBks
629 ,RefBks
629 ,GeogBks
630 ,DoItYBks
632 ,Florence
633 ,CookBks
634 ,ChildBks
634 ,YouthBks
634 ,RefBks
634 ,ArtBks
634 ,GeogBks
634 ,Florence
635 ,GeogBks
636 ,Florence
637 ,CookBks
637 ,DoItYBks
637 ,ArtBks
637 ,ItalCook
638 ,YouthBks
638 ,CookBks
638 ,ItalCook
639 ,ChildBks
639 ,CookBks
639 ,DoItYBks
639 ,ArtBks
639 ,GeogBks
641 ,CookBks
641 ,DoItYBks
641 ,GeogBks
642 ,ChildBks
642 ,YouthBks
642 ,CookBks
642 ,DoItYBks
642 ,RefBks
642 ,GeogBks
643 ,ChildBks
643 ,YouthBks
643 ,CookBks
643 ,DoItYBks
643 ,RefBks
643 ,GeogBks
643 ,ItalCook
644 ,YouthBks
645 ,ChildBks
645 ,YouthBks
645 ,CookBks
645 ,GeogBks
648 ,CookBks
650 ,YouthBks
651 ,YouthBks
651 ,CookBks
651 ,DoItYBks
651 ,RefBks
651 ,ArtBks
651 ,GeogBks
651 ,Florence
653 ,CookBks
653 ,RefBks
653 ,ItalAtlas
654 ,ChildBks
655 ,ChildBks
655 ,YouthBks
655 ,CookBks
655 ,DoItYBks
655 ,ArtBks
655 ,ItalCook
655 ,ItalArt
656 ,ArtBks
659 ,ChildBks
659 ,YouthBks
659 ,CookBks
659 ,DoItYBks
659 ,GeogBks
660 ,YouthBks
660 ,CookBks
660 ,DoItYBks
660 ,ArtBks
660 ,GeogBks
660 ,ItalCook
660 ,ItalArt
660 ,Florence
662 ,CookBks
662 ,DoItYBks
662 ,GeogBks
663 ,ChildBks
663 ,CookBks
663 ,DoItYBks
663 ,GeogBks
664 ,ChildBks
664 ,RefBks
665 ,ChildBks
665 ,YouthBks
665 ,RefBks
665 ,ArtBks
665 ,GeogBks
665 ,ItalAtlas
665 ,ItalArt
666 ,CookBks
666 ,DoItYBks
666 ,RefBks
666 ,ItalCook
667 ,CookBks
668 ,DoItYBks
668 ,GeogBks
669 ,YouthBks
669 ,CookBks
669 ,DoItYBks
669 ,ArtBks
669 ,GeogBks
669 ,ItalCook
669 ,ItalArt
669 ,Florence
670 ,ChildBks
670 ,CookBks
671 ,YouthBks
671 ,CookBks
671 ,ArtBks
671 ,GeogBks
672 ,ChildBks
672 ,YouthBks
672 ,CookBks
672 ,DoItYBks
672 ,RefBks
672 ,ItalCook
673 ,ChildBks
673 ,CookBks
673 ,DoItYBks
673 ,RefBks
673 ,ArtBks
673 ,GeogBks
674 ,ChildBks
675 ,ChildBks
675 ,CookBks
676 ,ChildBks
676 ,CookBks
676 ,DoItYBks
676 ,ArtBks
676 ,GeogBks
678 ,ChildBks
678 ,DoItYBks
678 ,RefBks
678 ,ArtBks
678 ,GeogBks
678 ,Florence
680 ,ChildBks
680 ,YouthBks
680 ,CookBks
680 ,RefBks
680 ,GeogBks
680 ,ItalCook
680 ,ItalAtlas
682 ,CookBks
683 ,ChildBks
683 ,CookBks
683 ,DoItYBks
683 ,ArtBks
683 ,GeogBks
683 ,ItalCook
683 ,ItalArt
684 ,DoItYBks
684 ,ArtBks
684 ,Florence
685 ,ChildBks
685 ,DoItYBks
686 ,CookBks
687 ,ChildBks
687 ,CookBks
687 ,RefBks
687 ,ArtBks
687 ,GeogBks
687 ,ItalCook
687 ,ItalAtlas
687 ,ItalArt
688 ,ChildBks
688 ,YouthBks
688 ,CookBks
688 ,RefBks
688 ,ArtBks
688 ,ItalCook
689 ,YouthBks
689 ,DoItYBks
689 ,RefBks
689 ,GeogBks
690 ,YouthBks
690 ,DoItYBks
690 ,ArtBks
692 ,ChildBks
692 ,YouthBks
692 ,CookBks
692 ,GeogBks
693 ,YouthBks
694 ,ChildBks
694 ,YouthBks
694 ,CookBks
694 ,RefBks
694 ,GeogBks
694 ,ItalCook
695 ,ChildBks
695 ,CookBks
695 ,DoItYBks
695 ,RefBks
695 ,ArtBks
695 ,GeogBks
695 ,ItalCook
695 ,ItalAtlas
695 ,ItalArt
696 ,Florence
697 ,CookBks
697 ,ItalCook
698 ,ChildBks
698 ,YouthBks
698 ,CookBks
698 ,RefBks
698 ,GeogBks
699 ,CookBks
699 ,ArtBks
700 ,YouthBks
701 ,ChildBks
701 ,DoItYBks
701 ,ArtBks
702 ,YouthBks
704 ,DoItYBks
704 ,ArtBks
706 ,DoItYBks
707 ,CookBks
708 ,ChildBks
708 ,GeogBks
709 ,ChildBks
709 ,YouthBks
709 ,CookBks
709 ,DoItYBks
710 ,ChildBks
710 ,CookBks
710 ,RefBks
710 ,GeogBks
710 ,Florence
711 ,ChildBks
711 ,YouthBks
711 ,CookBks
711 ,DoItYBks
711 ,ArtBks
711 ,GeogBks
711 ,ItalCook
712 ,ChildBks
712 ,GeogBks
714 ,CookBks
714 ,RefBks
714 ,ArtBks
714 ,GeogBks
715 ,ChildBks
715 ,CookBks
715 ,DoItYBks
715 ,GeogBks
716 ,ChildBks
716 ,YouthBks
716 ,CookBks
716 ,RefBks
716 ,ArtBks
716 ,GeogBks
716 ,ItalCook
716 ,ItalAtlas
716 ,ItalArt
718 ,CookBks
718 ,ArtBks
718 ,ItalCook
718 ,ItalArt
719 ,DoItYBks
719 ,ArtBks
720 ,ChildBks
720 ,YouthBks
720 ,CookBks
720 ,ArtBks
720 ,GeogBks
720 ,ItalCook
720 ,ItalArt
721 ,YouthBks
722 ,CookBks
722 ,GeogBks
725 ,GeogBks
727 ,ChildBks
727 ,CookBks
727 ,DoItYBks
727 ,GeogBks
729 ,ChildBks
729 ,DoItYBks
729 ,RefBks
729 ,GeogBks
729 ,ItalAtlas
730 ,CookBks
730 ,DoItYBks
730 ,GeogBks
731 ,ChildBks
731 ,YouthBks
731 ,CookBks
731 ,DoItYBks
731 ,RefBks
731 ,ArtBks
732 ,CookBks
732 ,DoItYBks
734 ,ChildBks
734 ,YouthBks
735 ,ChildBks
735 ,GeogBks
736 ,CookBks
736 ,GeogBks
736 ,ItalCook
736 ,Florence
737 ,ChildBks
737 ,CookBks
737 ,RefBks
737 ,ArtBks
737 ,GeogBks
737 ,Florence
739 ,ArtBks
741 ,Florence
742 ,ChildBks
742 ,CookBks
742 ,DoItYBks
742 ,ArtBks
742 ,GeogBks
742 ,ItalCook
742 ,ItalArt
743 ,ChildBks
743 ,RefBks
743 ,ArtBks
743 ,GeogBks
744 ,YouthBks
744 ,GeogBks
744 ,Florence
745 ,YouthBks
745 ,Florence
746 ,ChildBks
746 ,YouthBks
746 ,CookBks
746 ,DoItYBks
746 ,ArtBks
746 ,GeogBks
746 ,ItalCook
746 ,ItalArt
747 ,ArtBks
748 ,ChildBks
748 ,DoItYBks
749 ,ChildBks
749 ,YouthBks
750 ,ChildBks
750 ,YouthBks
750 ,CookBks
750 ,DoItYBks
750 ,ItalCook
751 ,Florence
754 ,ChildBks
754 ,YouthBks
754 ,DoItYBks
754 ,RefBks
754 ,ArtBks
754 ,GeogBks
755 ,ChildBks
755 ,CookBks
755 ,DoItYBks
755 ,ArtBks
755 ,GeogBks
755 ,ItalCook
756 ,ChildBks
756 ,YouthBks
756 ,CookBks
756 ,DoItYBks
756 ,RefBks
756 ,ArtBks
756 ,GeogBks
757 ,CookBks
757 ,DoItYBks
757 ,ArtBks
758 ,ChildBks
759 ,ChildBks
759 ,CookBks
759 ,RefBks
759 ,GeogBks
760 ,YouthBks
760 ,CookBks
760 ,DoItYBks
760 ,ArtBks
760 ,GeogBks
760 ,ItalCook
760 ,ItalArt
762 ,RefBks
764 ,CookBks
766 ,GeogBks
766 ,Florence
767 ,CookBks
767 ,ArtBks
767 ,GeogBks
767 ,Florence
769 ,ChildBks
769 ,YouthBks
769 ,CookBks
769 ,DoItYBks
769 ,ArtBks
769 ,GeogBks
769 ,ItalArt
770 ,CookBks
773 ,ChildBks
773 ,YouthBks
773 ,CookBks
773 ,ArtBks
773 ,GeogBks
773 ,Florence
774 ,ChildBks
774 ,CookBks
774 ,GeogBks
776 ,ChildBks
776 ,YouthBks
776 ,CookBks
776 ,DoItYBks
776 ,GeogBks
776 ,ItalCook
777 ,ChildBks
777 ,YouthBks
777 ,CookBks
777 ,DoItYBks
777 ,ArtBks
777 ,GeogBks
777 ,Florence
778 ,CookBks
779 ,GeogBks
781 ,GeogBks
781 ,Florence
782 ,ChildBks
782 ,DoItYBks
782 ,RefBks
782 ,ArtBks
783 ,ChildBks
784 ,ChildBks
784 ,YouthBks
784 ,CookBks
784 ,DoItYBks
784 ,RefBks
785 ,GeogBks
787 ,ChildBks
787 ,YouthBks
787 ,CookBks
787 ,DoItYBks
787 ,RefBks
787 ,ArtBks
788 ,ChildBks
788 ,DoItYBks
789 ,ChildBks
789 ,CookBks
789 ,ArtBks
789 ,GeogBks
789 ,ItalCook
789 ,Florence
790 ,CookBks
790 ,GeogBks
791 ,ChildBks
791 ,YouthBks
791 ,CookBks
791 ,DoItYBks
791 ,ArtBks
791 ,GeogBks
791 ,ItalCook
792 ,ChildBks
792 ,CookBks
793 ,ChildBks
793 ,YouthBks
793 ,CookBks
793 ,DoItYBks
793 ,RefBks
793 ,ArtBks
793 ,GeogBks
793 ,ItalCook
793 ,ItalAtlas
793 ,ItalArt
793 ,Florence
794 ,CookBks
794 ,ArtBks
796 ,ChildBks
797 ,CookBks
799 ,DoItYBks
799 ,RefBks
800 ,ChildBks
800 ,YouthBks
800 ,CookBks
800 ,ItalCook
801 ,ChildBks
801 ,CookBks
802 ,DoItYBks
803 ,DoItYBks
804 ,ChildBks
804 ,CookBks
804 ,RefBks
804 ,ArtBks
804 ,GeogBks
805 ,CookBks
805 ,ArtBks
805 ,ItalCook
805 ,ItalArt
806 ,ChildBks
806 ,Florence
807 ,ChildBks
807 ,CookBks
808 ,ChildBks
808 ,YouthBks
808 ,CookBks
808 ,DoItYBks
808 ,RefBks
808 ,GeogBks
809 ,ChildBks
809 ,DoItYBks
809 ,GeogBks
812 ,ChildBks
812 ,CookBks
812 ,DoItYBks
812 ,RefBks
812 ,ArtBks
812 ,GeogBks
813 ,ChildBks
813 ,YouthBks
813 ,CookBks
813 ,DoItYBks
813 ,RefBks
813 ,GeogBks
814 ,RefBks
814 ,GeogBks
814 ,Florence
815 ,ChildBks
816 ,ChildBks
816 ,YouthBks
816 ,CookBks
816 ,DoItYBks
816 ,ArtBks
816 ,GeogBks
816 ,ItalCook
816 ,ItalArt
816 ,Florence
817 ,ChildBks
817 ,CookBks
817 ,DoItYBks
817 ,RefBks
818 ,ChildBks
818 ,CookBks
818 ,DoItYBks
818 ,RefBks
818 ,Florence
819 ,ChildBks
819 ,CookBks
819 ,ArtBks
820 ,RefBks
821 ,DoItYBks
821 ,RefBks
822 ,CookBks
823 ,ChildBks
823 ,YouthBks
823 ,CookBks
823 ,ArtBks
823 ,GeogBks
823 ,ItalCook
823 ,ItalArt
823 ,Florence
824 ,ChildBks
824 ,YouthBks
826 ,ChildBks
826 ,CookBks
826 ,GeogBks
827 ,ChildBks
827 ,ArtBks
827 ,GeogBks
828 ,ChildBks
828 ,YouthBks
828 ,CookBks
828 ,DoItYBks
828 ,ArtBks
829 ,ChildBks
829 ,CookBks
829 ,DoItYBks
829 ,RefBks
829 ,ArtBks
830 ,ChildBks
830 ,YouthBks
830 ,CookBks
830 ,DoItYBks
830 ,RefBks
830 ,GeogBks
831 ,DoItYBks
832 ,GeogBks
834 ,YouthBks
835 ,ChildBks
835 ,YouthBks
835 ,DoItYBks
835 ,RefBks
836 ,ChildBks
836 ,YouthBks
836 ,CookBks
836 ,DoItYBks
836 ,RefBks
836 ,ItalCook
837 ,CookBks
837 ,RefBks
838 ,ChildBks
838 ,YouthBks
838 ,CookBks
838 ,DoItYBks
839 ,ChildBks
842 ,RefBks
842 ,ArtBks
844 ,ChildBks
844 ,CookBks
845 ,ChildBks
845 ,CookBks
845 ,DoItYBks
845 ,ArtBks
845 ,GeogBks
845 ,ItalCook
845 ,ItalArt
847 ,ChildBks
847 ,YouthBks
847 ,CookBks
847 ,DoItYBks
847 ,RefBks
851 ,ChildBks
851 ,YouthBks
851 ,CookBks
851 ,DoItYBks
851 ,GeogBks
853 ,CookBks
853 ,RefBks
854 ,ChildBks
854 ,YouthBks
854 ,CookBks
854 ,DoItYBks
854 ,RefBks
854 ,GeogBks
855 ,YouthBks
855 ,DoItYBks
855 ,GeogBks
856 ,ChildBks
856 ,CookBks
856 ,RefBks
856 ,ArtBks
856 ,GeogBks
856 ,Florence
857 ,ChildBks
857 ,YouthBks
857 ,CookBks
857 ,RefBks
857 ,ArtBks
857 ,GeogBks
857 ,ItalCook
857 ,ItalArt
857 ,Florence
858 ,ChildBks
859 ,ChildBks
859 ,CookBks
859 ,RefBks
859 ,ArtBks
859 ,GeogBks
860 ,ChildBks
860 ,YouthBks
860 ,CookBks
860 ,RefBks
860 ,ArtBks
861 ,ArtBks
862 ,ChildBks
862 ,CookBks
862 ,DoItYBks
862 ,ArtBks
862 ,GeogBks
862 ,ItalCook
862 ,ItalArt
863 ,CookBks
864 ,ChildBks
864 ,YouthBks
864 ,DoItYBks
864 ,RefBks
864 ,ArtBks
864 ,ItalAtlas
864 ,ItalArt
864 ,Florence
865 ,ChildBks
865 ,CookBks
865 ,DoItYBks
865 ,RefBks
865 ,ArtBks
865 ,ItalCook
867 ,ChildBks
869 ,RefBks
872 ,ChildBks
872 ,DoItYBks
873 ,ChildBks
875 ,CookBks
877 ,CookBks
877 ,RefBks
879 ,ChildBks
879 ,CookBks
879 ,DoItYBks
879 ,RefBks
879 ,ArtBks
880 ,ChildBks
881 ,YouthBks
881 ,CookBks
882 ,CookBks
882 ,RefBks
883 ,CookBks
883 ,RefBks
883 ,ItalAtlas
884 ,CookBks
885 ,ChildBks
885 ,YouthBks
885 ,CookBks
885 ,DoItYBks
885 ,ArtBks
885 ,GeogBks
886 ,ChildBks
888 ,ChildBks
888 ,Florence
889 ,CookBks
892 ,CookBks
892 ,GeogBks
893 ,Florence
894 ,Florence
895 ,CookBks
895 ,ArtBks
896 ,DoItYBks
897 ,ChildBks
897 ,YouthBks
897 ,CookBks
897 ,GeogBks
897 ,ItalCook
898 ,ChildBks
898 ,YouthBks
898 ,CookBks
898 ,DoItYBks
898 ,RefBks
898 ,ArtBks
898 ,GeogBks
898 ,ItalCook
898 ,Florence
899 ,ChildBks
900 ,YouthBks
901 ,ChildBks
901 ,ArtBks
901 ,GeogBks
902 ,ChildBks
902 ,CookBks
902 ,RefBks
902 ,GeogBks
904 ,ChildBks
904 ,YouthBks
904 ,ArtBks
904 ,GeogBks
905 ,ChildBks
905 ,CookBks
907 ,YouthBks
907 ,RefBks
907 ,ArtBks
907 ,GeogBks
907 ,ItalAtlas
907 ,ItalArt
907 ,Florence
908 ,ChildBks
909 ,CookBks
909 ,RefBks
910 ,CookBks
910 ,RefBks
910 ,ItalAtlas
911 ,ChildBks
911 ,YouthBks
911 ,CookBks
911 ,DoItYBks
911 ,ArtBks
911 ,GeogBks
911 ,ItalCook
911 ,ItalArt
912 ,CookBks
912 ,ArtBks
912 ,ItalArt
913 ,ChildBks
913 ,CookBks
913 ,DoItYBks
913 ,RefBks
913 ,ArtBks
914 ,ChildBks
914 ,YouthBks
914 ,CookBks
914 ,DoItYBks
914 ,ArtBks
915 ,CookBks
915 ,ItalCook
916 ,CookBks
916 ,DoItYBks
917 ,YouthBks
917 ,CookBks
918 ,ChildBks
918 ,YouthBks
918 ,DoItYBks
918 ,GeogBks
919 ,ChildBks
921 ,ChildBks
921 ,CookBks
921 ,DoItYBks
921 ,RefBks
921 ,ArtBks
922 ,ChildBks
922 ,CookBks
922 ,DoItYBks
922 ,ItalCook
923 ,GeogBks
924 ,ChildBks
924 ,YouthBks
924 ,CookBks
924 ,DoItYBks
924 ,RefBks
924 ,GeogBks
925 ,YouthBks
925 ,CookBks
925 ,DoItYBks
925 ,ArtBks
925 ,GeogBks
926 ,ChildBks
926 ,YouthBks
926 ,CookBks
926 ,DoItYBks
928 ,ChildBks
929 ,GeogBks
930 ,RefBks
931 ,ChildBks
931 ,YouthBks
931 ,CookBks
931 ,DoItYBks
931 ,RefBks
931 ,ArtBks
931 ,GeogBks
932 ,ArtBks
933 ,ChildBks
933 ,CookBks
933 ,DoItYBks
933 ,ArtBks
933 ,GeogBks
933 ,ItalCook
933 ,ItalArt
933 ,Florence
934 ,CookBks
934 ,RefBks
935 ,ChildBks
935 ,RefBks
936 ,CookBks
937 ,ChildBks
937 ,CookBks
937 ,DoItYBks
937 ,RefBks
937 ,GeogBks
937 ,ItalCook
938 ,DoItYBks
939 ,ArtBks
940 ,ChildBks
940 ,CookBks
940 ,ItalCook
941 ,Florence
943 ,ChildBks
943 ,CookBks
945 ,YouthBks
946 ,CookBks
946 ,DoItYBks
948 ,ChildBks
948 ,CookBks
950 ,ChildBks
950 ,YouthBks
950 ,CookBks
950 ,DoItYBks
950 ,RefBks
950 ,GeogBks
950 ,ItalCook
950 ,ItalAtlas
950 ,Florence
951 ,GeogBks
952 ,YouthBks
952 ,CookBks
953 ,ChildBks
953 ,YouthBks
953 ,CookBks
953 ,RefBks
953 ,ItalCook
953 ,ItalAtlas
954 ,ChildBks
954 ,DoItYBks
954 ,ArtBks
954 ,GeogBks
955 ,ChildBks
956 ,CookBks
956 ,RefBks
956 ,ArtBks
956 ,GeogBks
956 ,ItalCook
956 ,ItalAtlas
956 ,ItalArt
957 ,ChildBks
957 ,YouthBks
957 ,CookBks
957 ,DoItYBks
957 ,ItalCook
958 ,YouthBks
958 ,CookBks
958 ,DoItYBks
958 ,Florence
961 ,ChildBks
961 ,CookBks
961 ,ArtBks
961 ,GeogBks
961 ,ItalCook
963 ,ChildBks
963 ,YouthBks
963 ,RefBks
964 ,ChildBks
964 ,DoItYBks
964 ,ArtBks
965 ,ChildBks
965 ,CookBks
965 ,DoItYBks
965 ,ArtBks
965 ,ItalArt
965 ,Florence
966 ,CookBks
966 ,DoItYBks
966 ,GeogBks
968 ,ChildBks
968 ,YouthBks
968 ,CookBks
968 ,DoItYBks
968 ,ArtBks
968 ,GeogBks
968 ,Florence
969 ,RefBks
970 ,CookBks
971 ,ChildBks
971 ,CookBks
971 ,DoItYBks
971 ,ArtBks
971 ,GeogBks
973 ,ChildBks
973 ,YouthBks
973 ,CookBks
973 ,DoItYBks
973 ,RefBks
974 ,ChildBks
974 ,CookBks
974 ,RefBks
975 ,ChildBks
975 ,CookBks
975 ,RefBks
975 ,ArtBks
976 ,ChildBks
976 ,YouthBks
976 ,CookBks
976 ,DoItYBks
976 ,RefBks
976 ,ArtBks
976 ,GeogBks
977 ,ChildBks
977 ,YouthBks
977 ,CookBks
977 ,RefBks
977 ,GeogBks
978 ,ChildBks
978 ,YouthBks
978 ,DoItYBks
978 ,RefBks
978 ,ItalAtlas
979 ,ChildBks
979 ,YouthBks
979 ,CookBks
979 ,DoItYBks
979 ,ArtBks
979 ,GeogBks
979 ,Florence
980 ,YouthBks
980 ,CookBks
981 ,ChildBks
981 ,CookBks
983 ,ChildBks
984 ,ArtBks
985 ,ChildBks
985 ,YouthBks
985 ,CookBks
985 ,DoItYBks
985 ,ArtBks
985 ,GeogBks
986 ,CookBks
987 ,ChildBks
988 ,ChildBks
988 ,YouthBks
988 ,CookBks
988 ,DoItYBks
988 ,RefBks
988 ,ArtBks
988 ,GeogBks
988 ,Florence
989 ,ChildBks
989 ,YouthBks
989 ,CookBks
989 ,DoItYBks
989 ,RefBks
989 ,GeogBks
989 ,ItalCook
989 ,ItalAtlas
990 ,ChildBks
990 ,CookBks
991 ,Florence
992 ,ChildBks
993 ,CookBks
993 ,Florence
994 ,ArtBks
994 ,GeogBks
994 ,Florence
997 ,Florence
998 ,ChildBks
998 ,YouthBks
998 ,CookBks
998 ,DoItYBks
998 ,ArtBks
998 ,ItalCook
999 ,YouthBks
1000 ,ChildBks
1000 ,YouthBks
1000 ,CookBks
1000 ,GeogBks
1000 ,ItalCook
1001 ,ChildBks
1001 ,DoItYBks
1001 ,GeogBks
1002 ,ChildBks
1002 ,CookBks
1002 ,DoItYBks
1002 ,RefBks
1002 ,ArtBks
1002 ,GeogBks
1004 ,ChildBks
1004 ,YouthBks
1004 ,CookBks
1004 ,ArtBks
1004 ,GeogBks
1005 ,ArtBks
1007 ,CookBks
1007 ,GeogBks
1007 ,ItalCook
1010 ,ChildBks
1010 ,CookBks
1011 ,CookBks
1012 ,CookBks
1012 ,DoItYBks
1012 ,RefBks
1013 ,YouthBks
1013 ,CookBks
1013 ,ArtBks
1013 ,GeogBks
1014 ,ChildBks
1014 ,YouthBks
1014 ,CookBks
1014 ,ItalCook
1015 ,CookBks
1016 ,ChildBks
1017 ,ChildBks
1017 ,YouthBks
1017 ,CookBks
1017 ,DoItYBks
1017 ,ArtBks
1017 ,Florence
1018 ,ChildBks
1019 ,DoItYBks
1019 ,RefBks
1021 ,YouthBks
1023 ,YouthBks
1023 ,GeogBks
1025 ,DoItYBks
1025 ,GeogBks
1027 ,ChildBks
1027 ,CookBks
1027 ,ArtBks
1029 ,YouthBks
1030 ,ArtBks
1031 ,ChildBks
1031 ,CookBks
1032 ,DoItYBks
1032 ,ArtBks
1033 ,ChildBks
1033 ,YouthBks
1033 ,CookBks
1033 ,DoItYBks
1033 ,RefBks
1033 ,ItalAtlas
1034 ,YouthBks
1034 ,CookBks
1034 ,DoItYBks
1034 ,GeogBks
1035 ,ChildBks
1035 ,YouthBks
1035 ,CookBks
1035 ,DoItYBks
1035 ,GeogBks
1036 ,ChildBks
1036 ,YouthBks
1038 ,CookBks
1038 ,Florence
1039 ,DoItYBks
1040 ,RefBks
1041 ,CookBks
1042 ,YouthBks
1043 ,DoItYBks
1044 ,ChildBks
1044 ,CookBks
1044 ,DoItYBks
1044 ,RefBks
1044 ,ArtBks
1045 ,ChildBks
1045 ,YouthBks
1045 ,CookBks
1045 ,DoItYBks
1045 ,RefBks
1046 ,ChildBks
1046 ,YouthBks
1046 ,CookBks
1046 ,DoItYBks
1046 ,RefBks
1046 ,ArtBks
1046 ,GeogBks
1046 ,ItalCook
1047 ,CookBks
1047 ,DoItYBks
1047 ,RefBks
1047 ,GeogBks
1047 ,ItalAtlas
1049 ,ChildBks
1049 ,CookBks
1049 ,DoItYBks
1051 ,CookBks
1051 ,ArtBks
1051 ,GeogBks
1052 ,ChildBks
1052 ,YouthBks
1052 ,CookBks
1052 ,ItalCook
1053 ,YouthBks
1053 ,CookBks
1054 ,RefBks
1054 ,ArtBks
1054 ,Florence
1055 ,DoItYBks
1056 ,ChildBks
1056 ,CookBks
1056 ,DoItYBks
1056 ,ArtBks
1056 ,GeogBks
1058 ,YouthBks
1058 ,CookBks
1058 ,DoItYBks
1058 ,ItalCook
1059 ,ChildBks
1059 ,YouthBks
1059 ,CookBks
1059 ,ArtBks
1059 ,GeogBks
1061 ,ChildBks
1061 ,CookBks
1061 ,GeogBks
1062 ,ChildBks
1062 ,CookBks
1062 ,DoItYBks
1062 ,ArtBks
1062 ,ItalCook
1062 ,ItalArt
1063 ,ChildBks
1063 ,YouthBks
1063 ,CookBks
1063 ,RefBks
1063 ,ArtBks
1063 ,GeogBks
1064 ,DoItYBks
1065 ,ChildBks
1065 ,YouthBks
1066 ,Florence
1067 ,CookBks
1068 ,ChildBks
1070 ,ChildBks
1070 ,YouthBks
1070 ,CookBks
1070 ,ArtBks
1070 ,GeogBks
1070 ,ItalCook
1070 ,ItalArt
1071 ,ChildBks
1071 ,CookBks
1071 ,ItalCook
1072 ,ChildBks
1072 ,GeogBks
1073 ,Florence
1074 ,ChildBks
1075 ,ChildBks
1075 ,CookBks
1075 ,DoItYBks
1075 ,RefBks
1078 ,ChildBks
1078 ,YouthBks
1078 ,DoItYBks
1078 ,ArtBks
1078 ,GeogBks
1079 ,ChildBks
1079 ,YouthBks
1079 ,CookBks
1079 ,GeogBks
1079 ,ItalCook
1080 ,ChildBks
1080 ,YouthBks
1080 ,CookBks
1080 ,RefBks
1080 ,GeogBks
1080 ,ItalCook
1080 ,ItalAtlas
1081 ,YouthBks
1081 ,CookBks
1082 ,ChildBks
1082 ,DoItYBks
1082 ,RefBks
1082 ,ArtBks
1082 ,GeogBks
1082 ,ItalAtlas
1082 ,ItalArt
1083 ,CookBks
1085 ,ChildBks
1085 ,CookBks
1085 ,DoItYBks
1085 ,ArtBks
1085 ,GeogBks
1086 ,ChildBks
1086 ,YouthBks
1086 ,CookBks
1086 ,RefBks
1087 ,ChildBks
1088 ,CookBks
1089 ,CookBks
1089 ,ArtBks
1089 ,GeogBks
1090 ,ChildBks
1090 ,CookBks
1090 ,DoItYBks
1090 ,RefBks
1090 ,ItalCook
1090 ,ItalAtlas
1091 ,CookBks
1091 ,DoItYBks
1092 ,ChildBks
1092 ,YouthBks
1092 ,CookBks
1092 ,RefBks
1092 ,GeogBks
1092 ,Florence
1093 ,ChildBks
1093 ,DoItYBks
1095 ,CookBks
1096 ,YouthBks
1096 ,CookBks
1096 ,RefBks
1096 ,ArtBks
1096 ,GeogBks
1098 ,ChildBks
1098 ,YouthBks
1098 ,CookBks
1098 ,DoItYBks
1098 ,RefBks
1098 ,ItalCook
1098 ,ItalAtlas
1100 ,ChildBks
1100 ,Florence
1101 ,ChildBks
1101 ,YouthBks
1101 ,CookBks
1101 ,RefBks
1101 ,GeogBks
1101 ,ItalCook
1102 ,ChildBks
1102 ,CookBks
1102 ,DoItYBks
1102 ,ArtBks
1102 ,ItalCook
1102 ,ItalArt
1104 ,CookBks
1104 ,RefBks
1104 ,ItalAtlas
1105 ,CookBks
1105 ,GeogBks
1106 ,DoItYBks
1106 ,ArtBks
1107 ,ChildBks
1107 ,YouthBks
1107 ,CookBks
1107 ,DoItYBks
1107 ,RefBks
1107 ,GeogBks
1108 ,RefBks
1109 ,ChildBks
1109 ,YouthBks
1109 ,ArtBks
1109 ,ItalArt
1110 ,ChildBks
1110 ,YouthBks
1110 ,CookBks
1110 ,DoItYBks
1110 ,RefBks
1110 ,GeogBks
1111 ,ChildBks
1111 ,YouthBks
1111 ,CookBks
1111 ,DoItYBks
1111 ,RefBks
1111 ,ArtBks
1111 ,Florence
1113 ,YouthBks
1114 ,ChildBks
1114 ,CookBks
1114 ,DoItYBks
1114 ,ArtBks
1115 ,ChildBks
1115 ,YouthBks
1115 ,CookBks
1115 ,ItalCook
1116 ,CookBks
1117 ,ChildBks
1117 ,DoItYBks
1118 ,CookBks
1118 ,RefBks
1119 ,ChildBks
1119 ,CookBks
1119 ,DoItYBks
1119 ,GeogBks
1119 ,ItalCook
1119 ,Florence
1120 ,CookBks
1120 ,DoItYBks
1120 ,GeogBks
1120 ,ItalCook
1121 ,ChildBks
1121 ,CookBks
1121 ,DoItYBks
1121 ,ItalCook
1122 ,ChildBks
1122 ,DoItYBks
1123 ,ChildBks
1123 ,CookBks
1123 ,DoItYBks
1123 ,RefBks
1123 ,ItalCook
1123 ,ItalAtlas
1124 ,ChildBks
1124 ,CookBks
1124 ,DoItYBks
1124 ,GeogBks
1125 ,ChildBks
1125 ,CookBks
1125 ,RefBks
1125 ,ArtBks
1125 ,GeogBks
1125 ,ItalCook
1126 ,ChildBks
1126 ,YouthBks
1126 ,CookBks
1126 ,DoItYBks
1126 ,ArtBks
1126 ,GeogBks
1127 ,ChildBks
1127 ,CookBks
1127 ,ArtBks
1128 ,CookBks
1130 ,DoItYBks
1131 ,ChildBks
1131 ,CookBks
1131 ,DoItYBks
1132 ,ChildBks
1132 ,YouthBks
1132 ,RefBks
1132 ,GeogBks
1133 ,YouthBks
1133 ,CookBks
1134 ,CookBks
1134 ,ArtBks
1136 ,ChildBks
1136 ,YouthBks
1136 ,CookBks
1136 ,DoItYBks
1136 ,GeogBks
1136 ,ItalCook
1137 ,DoItYBks
1138 ,ChildBks
1138 ,YouthBks
1138 ,CookBks
1138 ,DoItYBks
1139 ,ChildBks
1139 ,DoItYBks
1140 ,ChildBks
1140 ,DoItYBks
1140 ,GeogBks
1140 ,Florence
1142 ,Florence
1143 ,ArtBks
1143 ,Florence
1145 ,YouthBks
1145 ,CookBks
1145 ,ArtBks
1147 ,CookBks
1148 ,ChildBks
1148 ,YouthBks
1148 ,DoItYBks
1148 ,GeogBks
1150 ,ChildBks
1150 ,YouthBks
1150 ,CookBks
1150 ,DoItYBks
1150 ,GeogBks
1152 ,Florence
1153 ,ChildBks
1153 ,CookBks
1154 ,ChildBks
1154 ,CookBks
1154 ,DoItYBks
1154 ,ArtBks
1154 ,GeogBks
1154 ,ItalCook
1155 ,ChildBks
1155 ,CookBks
1155 ,DoItYBks
1155 ,RefBks
1155 ,ArtBks
1155 ,ItalAtlas
1155 ,ItalArt
1155 ,Florence
1156 ,CookBks
1156 ,GeogBks
1156 ,ItalCook
1157 ,ChildBks
1157 ,CookBks
1158 ,ArtBks
1159 ,Florence
1160 ,CookBks
1161 ,CookBks
1161 ,DoItYBks
1161 ,ArtBks
1161 ,GeogBks
1161 ,ItalCook
1161 ,ItalArt
1162 ,ChildBks
1163 ,ChildBks
1163 ,YouthBks
1163 ,CookBks
1163 ,DoItYBks
1163 ,ArtBks
1163 ,GeogBks
1163 ,ItalCook
1164 ,ArtBks
1165 ,DoItYBks
1166 ,ChildBks
1166 ,YouthBks
1166 ,DoItYBks
1166 ,RefBks
1166 ,ArtBks
1167 ,ChildBks
1167 ,YouthBks
1167 ,CookBks
1167 ,GeogBks
1167 ,ItalCook
1168 ,CookBks
1170 ,ChildBks
1170 ,YouthBks
1170 ,CookBks
1170 ,RefBks
1170 ,ArtBks
1170 ,GeogBks
1170 ,ItalCook
1173 ,CookBks
1173 ,RefBks
1174 ,YouthBks
1174 ,ArtBks
1175 ,ChildBks
1175 ,CookBks
1175 ,ArtBks
1175 ,GeogBks
1175 ,Florence
1176 ,ChildBks
1176 ,CookBks
1176 ,DoItYBks
1176 ,RefBks
1176 ,ArtBks
1176 ,GeogBks
1176 ,ItalCook
1176 ,ItalAtlas
1176 ,ItalArt
1177 ,ChildBks
1177 ,ArtBks
1177 ,GeogBks
1178 ,CookBks
1179 ,CookBks
1180 ,ChildBks
1180 ,CookBks
1180 ,DoItYBks
1180 ,RefBks
1180 ,ArtBks
1180 ,ItalCook
1180 ,ItalArt
1180 ,Florence
1181 ,CookBks
1181 ,DoItYBks
1181 ,ArtBks
1181 ,GeogBks
1185 ,CookBks
1186 ,ArtBks
1187 ,ChildBks
1187 ,CookBks
1187 ,RefBks
1187 ,GeogBks
1188 ,ChildBks
1188 ,YouthBks
1188 ,CookBks
1188 ,GeogBks
1188 ,Florence
1189 ,ChildBks
1189 ,CookBks
1189 ,DoItYBks
1189 ,RefBks
1189 ,ArtBks
1189 ,GeogBks
1190 ,ChildBks
1190 ,ArtBks
1192 ,YouthBks
1192 ,CookBks
1192 ,ArtBks
1192 ,GeogBks
1193 ,Florence
1194 ,YouthBks
1194 ,CookBks
1194 ,DoItYBks
1194 ,GeogBks
1194 ,ItalCook
1195 ,ChildBks
1195 ,YouthBks
1195 ,CookBks
1195 ,DoItYBks
1198 ,ChildBks
1198 ,GeogBks
1199 ,ChildBks
1199 ,CookBks
1199 ,GeogBks
1199 ,Florence
1200 ,ChildBks
1200 ,YouthBks
1200 ,CookBks
1200 ,ItalCook
1201 ,ChildBks
1201 ,DoItYBks
1201 ,RefBks
1201 ,GeogBks
1202 ,ChildBks
1202 ,YouthBks
1202 ,CookBks
1203 ,ArtBks
1204 ,YouthBks
1205 ,RefBks
1205 ,Florence
1206 ,ChildBks
1206 ,CookBks
1207 ,ChildBks
1207 ,YouthBks
1207 ,CookBks
1207 ,RefBks
1208 ,ChildBks
1211 ,CookBks
1211 ,DoItYBks
1211 ,ArtBks
1211 ,GeogBks
1212 ,ChildBks
1213 ,CookBks
1213 ,GeogBks
1215 ,ChildBks
1217 ,YouthBks
1219 ,ChildBks
1219 ,RefBks
1220 ,YouthBks
1220 ,CookBks
1220 ,DoItYBks
1220 ,GeogBks
1222 ,ChildBks
1222 ,DoItYBks
1222 ,ArtBks
1222 ,Florence
1223 ,ChildBks
1223 ,YouthBks
1223 ,GeogBks
1224 ,ChildBks
1224 ,YouthBks
1224 ,CookBks
1224 ,DoItYBks
1224 ,RefBks
1224 ,GeogBks
1226 ,CookBks
1227 ,DoItYBks
1229 ,ArtBks
1230 ,ChildBks
1230 ,CookBks
1230 ,RefBks
1230 ,ArtBks
1231 ,ChildBks
1231 ,CookBks
1231 ,DoItYBks
1231 ,ArtBks
1231 ,GeogBks
1232 ,ArtBks
1232 ,Florence
1233 ,CookBks
1233 ,ItalCook
1235 ,ChildBks
1235 ,CookBks
1235 ,DoItYBks
1235 ,ArtBks
1235 ,GeogBks
1236 ,YouthBks
1236 ,CookBks
1236 ,ItalCook
1237 ,YouthBks
1238 ,Florence
1240 ,ChildBks
1241 ,ChildBks
1241 ,YouthBks
1241 ,CookBks
1241 ,DoItYBks
1241 ,RefBks
1241 ,ArtBks
1241 ,GeogBks
1241 ,ItalCook
1241 ,ItalAtlas
1241 ,ItalArt
1241 ,Florence
1243 ,ChildBks
1243 ,YouthBks
1243 ,CookBks
1243 ,DoItYBks
1243 ,RefBks
1243 ,ArtBks
1243 ,GeogBks
1244 ,YouthBks
1244 ,DoItYBks
1244 ,ArtBks
1244 ,ItalArt
1245 ,ChildBks
1245 ,CookBks
1245 ,DoItYBks
1245 ,ArtBks
1245 ,GeogBks
1245 ,ItalCook
1245 ,ItalArt
1245 ,Florence
1246 ,ChildBks
1246 ,CookBks
1246 ,RefBks
1246 ,ArtBks
1246 ,GeogBks
1247 ,ChildBks
1247 ,YouthBks
1247 ,DoItYBks
1247 ,RefBks
1248 ,GeogBks
1249 ,ChildBks
1249 ,ArtBks
1250 ,ChildBks
1250 ,CookBks
1250 ,RefBks
1250 ,ItalCook
1251 ,CookBks
1252 ,ChildBks
1252 ,YouthBks
1252 ,CookBks
1252 ,DoItYBks
1252 ,RefBks
1252 ,ArtBks
1253 ,ChildBks
1254 ,ChildBks
1255 ,ChildBks
1255 ,YouthBks
1255 ,CookBks
1255 ,GeogBks
1256 ,RefBks
1257 ,CookBks
1257 ,DoItYBks
1258 ,DoItYBks
1259 ,RefBks
1259 ,GeogBks
1261 ,ChildBks
1261 ,CookBks
1261 ,ItalCook
1262 ,CookBks
1263 ,CookBks
1264 ,Florence
1265 ,ChildBks
1265 ,ArtBks
1265 ,GeogBks
1265 ,ItalArt
1268 ,DoItYBks
1268 ,GeogBks
1269 ,CookBks
1269 ,GeogBks
1270 ,ChildBks
1272 ,GeogBks
1272 ,Florence
1273 ,ChildBks
1274 ,CookBks
1275 ,ArtBks
1276 ,ChildBks
1276 ,CookBks
1276 ,RefBks
1276 ,GeogBks
1276 ,ItalCook
1277 ,DoItYBks
1278 ,ChildBks
1278 ,YouthBks
1278 ,CookBks
1278 ,DoItYBks
1278 ,RefBks
1279 ,YouthBks
1280 ,ChildBks
1280 ,CookBks
1280 ,RefBks
1282 ,GeogBks
1283 ,ChildBks
1283 ,CookBks
1283 ,DoItYBks
1283 ,RefBks
1283 ,ArtBks
1283 ,GeogBks
1283 ,ItalCook
1283 ,ItalAtlas
1283 ,ItalArt
1285 ,ChildBks
1285 ,YouthBks
1285 ,CookBks
1285 ,RefBks
1285 ,GeogBks
1286 ,CookBks
1287 ,ChildBks
1287 ,CookBks
1287 ,RefBks
1287 ,GeogBks
1287 ,ItalCook
1287 ,ItalAtlas
1287 ,Florence
1288 ,CookBks
1289 ,CookBks
1290 ,ChildBks
1290 ,YouthBks
1290 ,CookBks
1290 ,DoItYBks
1290 ,GeogBks
1291 ,ChildBks
1292 ,ChildBks
1292 ,YouthBks
1292 ,CookBks
1292 ,ArtBks
1292 ,GeogBks
1292 ,ItalCook
1293 ,CookBks
1293 ,DoItYBks
1295 ,ChildBks
1295 ,YouthBks
1295 ,DoItYBks
1295 ,RefBks
1295 ,ArtBks
1295 ,GeogBks
1295 ,Florence
1296 ,ChildBks
1296 ,YouthBks
1296 ,CookBks
1296 ,DoItYBks
1296 ,RefBks
1296 ,ArtBks
1296 ,GeogBks
1297 ,ChildBks
1297 ,CookBks
1297 ,GeogBks
1297 ,ItalCook
1298 ,ChildBks
1298 ,CookBks
1298 ,ArtBks
1299 ,ChildBks
1300 ,ChildBks
1300 ,YouthBks
1300 ,CookBks
1300 ,DoItYBks
1300 ,RefBks
1300 ,ArtBks
1300 ,GeogBks
1300 ,ItalCook
1300 ,ItalAtlas
1300 ,ItalArt
1301 ,ChildBks
1301 ,ArtBks
1302 ,ChildBks
1302 ,YouthBks
1302 ,CookBks
1302 ,RefBks
1302 ,GeogBks
1303 ,ChildBks
1303 ,CookBks
1303 ,DoItYBks
1303 ,ArtBks
1303 ,ItalCook
1303 ,ItalArt
1304 ,DoItYBks
1305 ,ChildBks
1305 ,ArtBks
1305 ,ItalArt
1306 ,ChildBks
1306 ,YouthBks
1306 ,RefBks
1306 ,ArtBks
1306 ,GeogBks
1307 ,CookBks
1308 ,ChildBks
1308 ,YouthBks
1308 ,CookBks
1308 ,DoItYBks
1309 ,ChildBks
1309 ,CookBks
1309 ,DoItYBks
1309 ,RefBks
1309 ,ArtBks
1309 ,GeogBks
1309 ,ItalCook
1309 ,Florence
1310 ,CookBks
1310 ,ArtBks
1310 ,GeogBks
1311 ,CookBks
1312 ,DoItYBks
1313 ,DoItYBks
1314 ,ChildBks
1314 ,CookBks
1314 ,RefBks
1314 ,ArtBks
1314 ,GeogBks
1315 ,DoItYBks
1316 ,ChildBks
1316 ,YouthBks
1317 ,CookBks
1318 ,RefBks
1320 ,ChildBks
1320 ,DoItYBks
1321 ,ChildBks
1321 ,CookBks
1322 ,ChildBks
1322 ,DoItYBks
1322 ,GeogBks
1323 ,YouthBks
1323 ,CookBks
1323 ,RefBks
1323 ,ArtBks
1323 ,GeogBks
1323 ,Florence
1324 ,ChildBks
1324 ,Florence
1325 ,ChildBks
1325 ,CookBks
1325 ,ArtBks
1325 ,ItalCook
1325 ,ItalArt
1327 ,YouthBks
1327 ,CookBks
1327 ,DoItYBks
1327 ,RefBks
1327 ,ArtBks
1327 ,Florence
1328 ,CookBks
1328 ,ArtBks
1328 ,GeogBks
1328 ,ItalArt
1332 ,ChildBks
1332 ,YouthBks
1332 ,CookBks
1332 ,DoItYBks
1332 ,GeogBks
1332 ,Florence
1333 ,CookBks
1334 ,ChildBks
1334 ,YouthBks
1334 ,CookBks
1334 ,ItalCook
1335 ,ChildBks
1335 ,YouthBks
1336 ,CookBks
1336 ,RefBks
1337 ,Florence
1338 ,ChildBks
1338 ,CookBks
1338 ,DoItYBks
1338 ,ArtBks
1338 ,GeogBks
1339 ,ChildBks
1339 ,DoItYBks
1340 ,CookBks
1340 ,DoItYBks
1341 ,YouthBks
1341 ,CookBks
1341 ,RefBks
1341 ,ArtBks
1344 ,ChildBks
1345 ,ChildBks
1345 ,YouthBks
1345 ,CookBks
1345 ,DoItYBks
1345 ,RefBks
1345 ,ArtBks
1345 ,GeogBks
1346 ,ChildBks
1346 ,CookBks
1346 ,ArtBks
1346 ,GeogBks
1347 ,ChildBks
1347 ,CookBks
1347 ,DoItYBks
1347 ,RefBks
1347 ,ItalCook
1347 ,ItalAtlas
1348 ,ChildBks
1348 ,YouthBks
1348 ,CookBks
1348 ,ArtBks
1348 ,GeogBks
1349 ,YouthBks
1349 ,CookBks
1349 ,DoItYBks
1349 ,RefBks
1349 ,ArtBks
1349 ,GeogBks
1350 ,YouthBks
1350 ,ArtBks
1351 ,YouthBks
1354 ,ChildBks
1354 ,CookBks
1354 ,DoItYBks
1354 ,RefBks
1354 ,ArtBks
1354 ,GeogBks
1355 ,DoItYBks
1356 ,ChildBks
1356 ,DoItYBks
1357 ,CookBks
1357 ,DoItYBks
1358 ,ChildBks
1358 ,YouthBks
1358 ,CookBks
1358 ,DoItYBks
1358 ,RefBks
1358 ,ArtBks
1358 ,GeogBks
1359 ,YouthBks
1359 ,CookBks
1360 ,ChildBks
1360 ,YouthBks
1360 ,RefBks
1360 ,GeogBks
1360 ,ItalAtlas
1363 ,ChildBks
1364 ,CookBks
1364 ,RefBks
1365 ,ChildBks
1365 ,YouthBks
1365 ,CookBks
1365 ,DoItYBks
1365 ,RefBks
1365 ,ArtBks
1365 ,GeogBks
1366 ,ChildBks
1366 ,GeogBks
1367 ,ChildBks
1367 ,CookBks
1367 ,DoItYBks
1368 ,ChildBks
1368 ,CookBks
1368 ,DoItYBks
1368 ,ArtBks
1368 ,ItalCook
1368 ,ItalArt
1368 ,Florence
1369 ,ChildBks
1369 ,YouthBks
1369 ,CookBks
1369 ,RefBks
1369 ,ArtBks
1369 ,GeogBks
1370 ,YouthBks
1370 ,CookBks
1370 ,DoItYBks
1370 ,RefBks
1371 ,ChildBks
1371 ,YouthBks
1371 ,CookBks
1371 ,DoItYBks
1371 ,RefBks
1372 ,ChildBks
1372 ,YouthBks
1372 ,CookBks
1372 ,DoItYBks
1372 ,RefBks
1372 ,ArtBks
1372 ,GeogBks
1373 ,CookBks
1376 ,ChildBks
1376 ,CookBks
1378 ,ChildBks
1378 ,CookBks
1378 ,RefBks
1378 ,ItalCook
1380 ,CookBks
1380 ,DoItYBks
1384 ,ChildBks
1384 ,CookBks
1384 ,RefBks
1384 ,GeogBks
1385 ,ChildBks
1386 ,ChildBks
1387 ,YouthBks
1387 ,CookBks
1387 ,GeogBks
1388 ,ChildBks
1388 ,YouthBks
1388 ,CookBks
1388 ,DoItYBks
1388 ,RefBks
1388 ,ArtBks
1388 ,GeogBks
1389 ,CookBks
1391 ,CookBks
1392 ,YouthBks
1394 ,ChildBks
1394 ,YouthBks
1395 ,CookBks
1395 ,GeogBks
1396 ,CookBks
1396 ,DoItYBks
1396 ,ArtBks
1396 ,ItalCook
1396 ,ItalArt
1397 ,ArtBks
1397 ,GeogBks
1398 ,ChildBks
1398 ,YouthBks
1398 ,CookBks
1398 ,RefBks
1398 ,ArtBks
1398 ,Florence
1399 ,CookBks
1400 ,GeogBks
1401 ,CookBks
1401 ,RefBks
1401 ,ArtBks
1402 ,DoItYBks
1403 ,ChildBks
1403 ,CookBks
1403 ,RefBks
1404 ,CookBks
1404 ,DoItYBks
1404 ,RefBks
1404 ,ItalCook
1404 ,ItalAtlas
1405 ,ChildBks
1405 ,YouthBks
1405 ,CookBks
1405 ,DoItYBks
1405 ,ArtBks
1406 ,ChildBks
1406 ,CookBks
1406 ,DoItYBks
1406 ,RefBks
1406 ,GeogBks
1407 ,ChildBks
1407 ,CookBks
1407 ,DoItYBks
1407 ,RefBks
1407 ,GeogBks
1407 ,Florence
1408 ,CookBks
1409 ,ChildBks
1410 ,YouthBks
1411 ,ChildBks
1411 ,YouthBks
1411 ,CookBks
1411 ,DoItYBks
1411 ,RefBks
1411 ,GeogBks
1412 ,ChildBks
1412 ,CookBks
1412 ,DoItYBks
1412 ,RefBks
1412 ,ItalCook
1413 ,DoItYBks
1414 ,ChildBks
1414 ,YouthBks
1414 ,CookBks
1414 ,GeogBks
1414 ,ItalCook
1415 ,RefBks
1418 ,CookBks
1419 ,ChildBks
1419 ,YouthBks
1419 ,GeogBks
1420 ,DoItYBks
1421 ,CookBks
1421 ,ArtBks
1421 ,GeogBks
1422 ,ChildBks
1422 ,RefBks
1423 ,YouthBks
1424 ,ChildBks
1424 ,ArtBks
1424 ,GeogBks
1424 ,ItalArt
1425 ,ChildBks
1425 ,CookBks
1425 ,RefBks
1425 ,GeogBks
1425 ,ItalCook
1426 ,YouthBks
1426 ,CookBks
1426 ,RefBks
1426 ,GeogBks
1427 ,YouthBks
1428 ,CookBks
1428 ,GeogBks
1429 ,CookBks
1429 ,DoItYBks
1429 ,ArtBks
1431 ,ChildBks
1431 ,RefBks
1433 ,RefBks
1433 ,ItalAtlas
1434 ,ChildBks
1434 ,CookBks
1434 ,DoItYBks
1437 ,Florence
1438 ,ChildBks
1438 ,YouthBks
1438 ,CookBks
1438 ,DoItYBks
1438 ,RefBks
1438 ,ArtBks
1438 ,GeogBks
1440 ,ChildBks
1440 ,YouthBks
1440 ,CookBks
1440 ,RefBks
1440 ,ArtBks
1441 ,ArtBks
1442 ,YouthBks
1442 ,DoItYBks
1443 ,CookBks
1444 ,ChildBks
1444 ,YouthBks
1444 ,CookBks
1444 ,DoItYBks
1444 ,RefBks
1444 ,ArtBks
1444 ,ItalCook
1444 ,ItalAtlas
1444 ,ItalArt
1446 ,ChildBks
1446 ,DoItYBks
1446 ,RefBks
1447 ,ChildBks
1447 ,YouthBks
1447 ,CookBks
1447 ,DoItYBks
1447 ,ArtBks
1447 ,GeogBks
1448 ,CookBks
1448 ,DoItYBks
1448 ,RefBks
1448 ,ArtBks
1448 ,GeogBks
1448 ,ItalCook
1448 ,ItalAtlas
1448 ,ItalArt
1449 ,ChildBks
1451 ,ChildBks
1451 ,CookBks
1451 ,ItalCook
1452 ,ChildBks
1452 ,CookBks
1453 ,ChildBks
1453 ,GeogBks
1454 ,ChildBks
1454 ,YouthBks
1454 ,CookBks
1454 ,DoItYBks
1454 ,RefBks
1454 ,ItalCook
1455 ,ChildBks
1455 ,YouthBks
1455 ,CookBks
1455 ,ArtBks
1455 ,GeogBks
1456 ,ChildBks
1456 ,YouthBks
1456 ,DoItYBks
1456 ,RefBks
1456 ,ArtBks
1456 ,Florence
1457 ,Florence
1458 ,ChildBks
1458 ,YouthBks
1458 ,CookBks
1458 ,DoItYBks
1458 ,ArtBks
1458 ,GeogBks
1459 ,DoItYBks
1460 ,ChildBks
1461 ,ChildBks
1461 ,YouthBks
1461 ,CookBks
1461 ,DoItYBks
1461 ,RefBks
1463 ,CookBks
1464 ,ChildBks
1464 ,YouthBks
1465 ,GeogBks
1466 ,CookBks
1466 ,DoItYBks
1466 ,ArtBks
1466 ,Florence
1468 ,YouthBks
1468 ,CookBks
1468 ,ArtBks
1468 ,GeogBks
1469 ,ChildBks
1470 ,YouthBks
1471 ,ChildBks
1471 ,YouthBks
1471 ,CookBks
1471 ,DoItYBks
1471 ,RefBks
1472 ,ChildBks
1472 ,CookBks
1472 ,DoItYBks
1472 ,RefBks
1472 ,GeogBks
1473 ,CookBks
1474 ,ChildBks
1474 ,CookBks
1474 ,ArtBks
1474 ,GeogBks
1476 ,CookBks
1477 ,ChildBks
1477 ,CookBks
1477 ,RefBks
1477 ,ArtBks
1477 ,ItalCook
1477 ,ItalAtlas
1479 ,ChildBks
1479 ,YouthBks
1479 ,CookBks
1479 ,DoItYBks
1479 ,ArtBks
1479 ,GeogBks
1481 ,ChildBks
1481 ,CookBks
1481 ,ArtBks
1482 ,ChildBks
1482 ,CookBks
1482 ,ArtBks
1482 ,GeogBks
1484 ,YouthBks
1484 ,ArtBks
1485 ,ChildBks
1485 ,CookBks
1485 ,DoItYBks
1485 ,GeogBks
1485 ,ItalCook
1487 ,YouthBks
1487 ,CookBks
1487 ,DoItYBks
1487 ,ArtBks
1487 ,ItalCook
1487 ,ItalArt
1488 ,ChildBks
1489 ,ChildBks
1489 ,YouthBks
1489 ,DoItYBks
1490 ,DoItYBks
1491 ,RefBks
1492 ,ChildBks
1492 ,YouthBks
1492 ,CookBks
1492 ,DoItYBks
1492 ,RefBks
1492 ,ArtBks
1493 ,CookBks
1493 ,Florence
1494 ,RefBks
1494 ,Florence
1496 ,ChildBks
1496 ,GeogBks
1497 ,ChildBks
1497 ,CookBks
1497 ,RefBks
1498 ,CookBks
1499 ,CookBks
1500 ,CookBks
1501 ,ChildBks
1501 ,CookBks
1501 ,RefBks
1501 ,ArtBks
1501 ,GeogBks
1502 ,DoItYBks
1504 ,ArtBks
1504 ,Florence
1505 ,RefBks
1505 ,GeogBks
1506 ,RefBks
1506 ,Florence
1507 ,CookBks
1508 ,ChildBks
1510 ,ChildBks
1510 ,CookBks
1510 ,RefBks
1510 ,ArtBks
1510 ,GeogBks
1510 ,Florence
1511 ,ChildBks
1511 ,YouthBks
1511 ,CookBks
1511 ,RefBks
1511 ,ArtBks
1511 ,ItalCook
1511 ,ItalArt
1514 ,ChildBks
1514 ,GeogBks
1515 ,ChildBks
1515 ,YouthBks
1515 ,CookBks
1515 ,DoItYBks
1515 ,GeogBks
1516 ,ChildBks
1516 ,YouthBks
1516 ,RefBks
1516 ,GeogBks
1519 ,ChildBks
1519 ,CookBks
1519 ,DoItYBks
1519 ,ArtBks
1519 ,GeogBks
1520 ,ChildBks
1520 ,YouthBks
1520 ,CookBks
1522 ,ChildBks
1522 ,YouthBks
1522 ,CookBks
1522 ,DoItYBks
1522 ,ArtBks
1522 ,GeogBks
1523 ,ChildBks
1523 ,CookBks
1523 ,RefBks
1523 ,ArtBks
1523 ,GeogBks
1523 ,ItalCook
1523 ,ItalAtlas
1523 ,ItalArt
1524 ,CookBks
1524 ,RefBks
1524 ,GeogBks
1525 ,CookBks
1526 ,CookBks
1527 ,ChildBks
1528 ,ChildBks
1528 ,CookBks
1528 ,DoItYBks
1528 ,RefBks
1528 ,ArtBks
1528 ,ItalCook
1529 ,DoItYBks
1529 ,ArtBks
1529 ,ItalArt
1530 ,ChildBks
1530 ,YouthBks
1530 ,CookBks
1530 ,DoItYBks
1530 ,ArtBks
1530 ,GeogBks
1530 ,ItalCook
1532 ,YouthBks
1532 ,GeogBks
1533 ,YouthBks
1533 ,GeogBks
1534 ,CookBks
1535 ,ChildBks
1535 ,CookBks
1536 ,YouthBks
1537 ,ChildBks
1537 ,Florence
1538 ,ChildBks
1538 ,CookBks
1538 ,ArtBks
1538 ,GeogBks
1538 ,Florence
1539 ,ChildBks
1539 ,ArtBks
1540 ,DoItYBks
1541 ,ChildBks
1541 ,YouthBks
1541 ,CookBks
1541 ,DoItYBks
1541 ,RefBks
1541 ,ArtBks
1542 ,DoItYBks
1542 ,ArtBks
1542 ,GeogBks
1543 ,YouthBks
1543 ,DoItYBks
1544 ,YouthBks
1544 ,CookBks
1544 ,ArtBks
1544 ,ItalCook
1545 ,ChildBks
1545 ,YouthBks
1545 ,CookBks
1545 ,DoItYBks
1545 ,GeogBks
1547 ,Florence
1549 ,Florence
1550 ,ChildBks
1550 ,CookBks
1550 ,DoItYBks
1550 ,RefBks
1550 ,GeogBks
1551 ,YouthBks
1551 ,CookBks
1551 ,RefBks
1552 ,YouthBks
1552 ,RefBks
1552 ,GeogBks
1553 ,CookBks
1554 ,ChildBks
1554 ,CookBks
1555 ,ChildBks
1555 ,CookBks
1555 ,DoItYBks
1556 ,ChildBks
1556 ,GeogBks
1558 ,ChildBks
1558 ,YouthBks
1558 ,CookBks
1558 ,DoItYBks
1559 ,ChildBks
1559 ,CookBks
1559 ,GeogBks
1560 ,YouthBks
1560 ,CookBks
1560 ,ItalCook
1561 ,ChildBks
1561 ,CookBks
1561 ,ArtBks
1561 ,GeogBks
1561 ,Florence
1566 ,ChildBks
1567 ,ChildBks
1567 ,ArtBks
1568 ,ChildBks
1568 ,RefBks
1568 ,GeogBks
1569 ,CookBks
1569 ,Florence
1570 ,ChildBks
1570 ,YouthBks
1570 ,CookBks
1570 ,DoItYBks
1570 ,RefBks
1570 ,ArtBks
1570 ,GeogBks
1571 ,CookBks
1571 ,GeogBks
1572 ,ChildBks
1573 ,Florence
1574 ,RefBks
1575 ,Florence
1576 ,GeogBks
1577 ,ArtBks
1579 ,DoItYBks
1580 ,DoItYBks
1581 ,ChildBks
1581 ,YouthBks
1581 ,GeogBks
1583 ,ChildBks
1583 ,GeogBks
1585 ,ChildBks
1585 ,DoItYBks
1585 ,GeogBks
1586 ,ChildBks
1586 ,CookBks
1586 ,DoItYBks
1586 ,ArtBks
1586 ,GeogBks
1588 ,CookBks
1588 ,RefBks
1588 ,GeogBks
1588 ,Florence
1590 ,ArtBks
1591 ,ArtBks
1593 ,CookBks
1594 ,ArtBks
1595 ,CookBks
1596 ,ChildBks
1596 ,CookBks
1596 ,DoItYBks
1596 ,ArtBks
1597 ,CookBks
1598 ,ChildBks
1598 ,ArtBks
1600 ,ChildBks
1600 ,CookBks
1600 ,ItalCook
1601 ,RefBks
1603 ,DoItYBks
1605 ,YouthBks
1605 ,CookBks
1605 ,RefBks
1605 ,ItalCook
1605 ,ItalAtlas
1608 ,CookBks
1608 ,GeogBks
1609 ,ChildBks
1609 ,YouthBks
1609 ,CookBks
1609 ,DoItYBks
1609 ,ArtBks
1609 ,ItalCook
1610 ,ChildBks
1611 ,ChildBks
1613 ,RefBks
1614 ,ChildBks
1615 ,ChildBks
1617 ,ArtBks
1620 ,ChildBks
1621 ,YouthBks
1622 ,CookBks
1624 ,ChildBks
1625 ,ChildBks
1626 ,CookBks
1627 ,RefBks
1627 ,GeogBks
1628 ,ChildBks
1628 ,DoItYBks
1628 ,ArtBks
1628 ,GeogBks
1628 ,ItalArt
1628 ,Florence
1629 ,ChildBks
1629 ,CookBks
1629 ,RefBks
1629 ,GeogBks
1629 ,Florence
1630 ,YouthBks
1630 ,CookBks
1630 ,ItalCook
1630 ,Florence
1632 ,ChildBks
1632 ,CookBks
1632 ,GeogBks
1633 ,ChildBks
1633 ,CookBks
1633 ,ArtBks
1634 ,CookBks
1635 ,ChildBks
1635 ,CookBks
1635 ,GeogBks
1635 ,ItalCook
1638 ,ChildBks
1638 ,CookBks
1638 ,ItalCook
1638 ,Florence
1639 ,CookBks
1639 ,DoItYBks
1639 ,RefBks
1640 ,CookBks
1640 ,DoItYBks
1641 ,CookBks
1644 ,ChildBks
1644 ,CookBks
1645 ,CookBks
1646 ,CookBks
1647 ,ChildBks
1647 ,YouthBks
1647 ,DoItYBks
1647 ,RefBks
1647 ,ItalAtlas
1648 ,YouthBks
1648 ,CookBks
1648 ,DoItYBks
1648 ,RefBks
1648 ,ArtBks
1648 ,GeogBks
1649 ,ChildBks
1649 ,CookBks
1649 ,DoItYBks
1649 ,ArtBks
1650 ,ChildBks
1652 ,CookBks
1652 ,DoItYBks
1652 ,ArtBks
1652 ,GeogBks
1653 ,ChildBks
1653 ,YouthBks
1653 ,CookBks
1653 ,ArtBks
1653 ,GeogBks
1654 ,ChildBks
1654 ,DoItYBks
1657 ,ChildBks
1658 ,YouthBks
1658 ,RefBks
1659 ,ChildBks
1659 ,YouthBks
1659 ,CookBks
1659 ,DoItYBks
1659 ,RefBks
1659 ,ArtBks
1659 ,ItalCook
1659 ,ItalAtlas
1659 ,ItalArt
1660 ,ChildBks
1660 ,YouthBks
1660 ,CookBks
1660 ,ArtBks
1661 ,ChildBks
1661 ,YouthBks
1661 ,DoItYBks
1663 ,CookBks
1663 ,ArtBks
1664 ,ChildBks
1664 ,CookBks
1665 ,DoItYBks
1665 ,RefBks
1666 ,ChildBks
1666 ,CookBks
1666 ,GeogBks
1666 ,ItalCook
1667 ,CookBks
1667 ,DoItYBks
1667 ,RefBks
1667 ,ArtBks
1667 ,GeogBks
1667 ,Florence
1668 ,YouthBks
1668 ,CookBks
1670 ,DoItYBks
1671 ,ChildBks
1671 ,YouthBks
1671 ,RefBks
1672 ,CookBks
1672 ,DoItYBks
1672 ,ArtBks
1672 ,Florence
1673 ,ChildBks
1673 ,YouthBks
1673 ,ArtBks
1673 ,GeogBks
1675 ,CookBks
1675 ,DoItYBks
1675 ,ArtBks
1675 ,GeogBks
1675 ,ItalCook
1675 ,Florence
1676 ,ChildBks
1676 ,YouthBks
1676 ,CookBks
1676 ,DoItYBks
1676 ,ItalCook
1677 ,ChildBks
1677 ,YouthBks
1677 ,CookBks
1677 ,RefBks
1677 ,ArtBks
1677 ,GeogBks
1679 ,ChildBks
1679 ,CookBks
1680 ,ChildBks
1680 ,CookBks
1680 ,DoItYBks
1680 ,ArtBks
1680 ,GeogBks
1680 ,Florence
1681 ,ChildBks
1681 ,CookBks
1681 ,DoItYBks
1681 ,RefBks
1681 ,GeogBks
1681 ,ItalCook
1681 ,ItalAtlas
1682 ,ChildBks
1682 ,YouthBks
1682 ,CookBks
1682 ,RefBks
1682 ,ArtBks
1682 ,GeogBks
1682 ,ItalCook
1682 ,ItalAtlas
1682 ,ItalArt
1682 ,Florence
1683 ,CookBks
1684 ,Florence
1685 ,DoItYBks
1685 ,RefBks
1686 ,CookBks
1687 ,ChildBks
1687 ,CookBks
1687 ,ItalCook
1688 ,YouthBks
1689 ,ChildBks
1690 ,ChildBks
1690 ,DoItYBks
1691 ,ChildBks
1691 ,CookBks
1691 ,DoItYBks
1691 ,RefBks
1691 ,ArtBks
1693 ,CookBks
1694 ,Florence
1695 ,CookBks
1696 ,ChildBks
1697 ,ChildBks
1697 ,YouthBks
1697 ,CookBks
1697 ,DoItYBks
1697 ,RefBks
1697 ,ArtBks
1698 ,ChildBks
1698 ,YouthBks
1698 ,CookBks
1698 ,DoItYBks
1698 ,ArtBks
1698 ,GeogBks
1701 ,ChildBks
1701 ,CookBks
1701 ,DoItYBks
1701 ,GeogBks
1701 ,ItalCook
1702 ,YouthBks
1702 ,CookBks
1702 ,ArtBks
1702 ,GeogBks
1702 ,Florence
1703 ,ChildBks
1703 ,RefBks
1703 ,ArtBks
1703 ,GeogBks
1704 ,CookBks
1705 ,GeogBks
1707 ,CookBks
1707 ,RefBks
1708 ,Florence
1710 ,DoItYBks
1711 ,ChildBks
1711 ,YouthBks
1711 ,CookBks
1711 ,DoItYBks
1711 ,RefBks
1711 ,GeogBks
1712 ,ChildBks
1712 ,YouthBks
1712 ,CookBks
1712 ,DoItYBks
1712 ,ArtBks
1712 ,GeogBks
1712 ,Florence
1714 ,ChildBks
1714 ,ArtBks
1715 ,YouthBks
1716 ,ChildBks
1719 ,ChildBks
1719 ,YouthBks
1719 ,CookBks
1719 ,ArtBks
1719 ,ItalCook
1720 ,ChildBks
1720 ,YouthBks
1720 ,CookBks
1720 ,DoItYBks
1720 ,ArtBks
1720 ,GeogBks
1721 ,ChildBks
1721 ,YouthBks
1721 ,CookBks
1721 ,DoItYBks
1721 ,ArtBks
1721 ,GeogBks
1722 ,RefBks
1723 ,ChildBks
1723 ,CookBks
1723 ,ArtBks
1724 ,ChildBks
1724 ,YouthBks
1724 ,CookBks
1724 ,DoItYBks
1724 ,RefBks
1724 ,GeogBks
1724 ,ItalCook
1725 ,RefBks
1725 ,Florence
1726 ,ChildBks
1728 ,YouthBks
1728 ,DoItYBks
1729 ,ChildBks
1729 ,CookBks
1729 ,DoItYBks
1729 ,GeogBks
1730 ,CookBks
1730 ,ItalCook
1731 ,ChildBks
1731 ,YouthBks
1731 ,CookBks
1731 ,DoItYBks
1731 ,ArtBks
1731 ,GeogBks
1732 ,YouthBks
1732 ,CookBks
1732 ,ItalCook
1733 ,ChildBks
1733 ,YouthBks
1733 ,CookBks
1733 ,RefBks
1733 ,ArtBks
1734 ,ChildBks
1734 ,CookBks
1734 ,RefBks
1735 ,ChildBks
1736 ,ChildBks
1736 ,CookBks
1736 ,DoItYBks
1736 ,RefBks
1736 ,ArtBks
1736 ,GeogBks
1737 ,ChildBks
1737 ,GeogBks
1739 ,ChildBks
1739 ,Florence
1740 ,CookBks
1740 ,DoItYBks
1742 ,ChildBks
1742 ,GeogBks
1743 ,GeogBks
1744 ,ChildBks
1744 ,CookBks
1744 ,RefBks
1744 ,GeogBks
1746 ,ChildBks
1746 ,CookBks
1746 ,DoItYBks
1746 ,ArtBks
1746 ,GeogBks
1748 ,ChildBks
1748 ,CookBks
1748 ,DoItYBks
1748 ,RefBks
1748 ,ArtBks
1748 ,GeogBks
1749 ,CookBks
1750 ,CookBks
1750 ,DoItYBks
1750 ,ArtBks
1751 ,ChildBks
1751 ,YouthBks
1751 ,DoItYBks
1751 ,RefBks
1751 ,GeogBks
1752 ,CookBks
1753 ,ChildBks
1753 ,YouthBks
1753 ,CookBks
1753 ,DoItYBks
1753 ,RefBks
1753 ,ArtBks
1753 ,ItalCook
1754 ,YouthBks
1756 ,ChildBks
1756 ,YouthBks
1757 ,ChildBks
1759 ,YouthBks
1760 ,ChildBks
1760 ,GeogBks
1761 ,CookBks
1761 ,RefBks
1762 ,ChildBks
1762 ,Florence
1763 ,ChildBks
1763 ,CookBks
1763 ,RefBks
1763 ,ArtBks
1763 ,GeogBks
1763 ,ItalCook
1763 ,ItalArt
1763 ,Florence
1764 ,DoItYBks
1765 ,CookBks
1765 ,RefBks
1765 ,GeogBks
1765 ,ItalCook
1765 ,ItalAtlas
1766 ,ChildBks
1766 ,YouthBks
1766 ,CookBks
1766 ,DoItYBks
1766 ,RefBks
1766 ,ArtBks
1766 ,ItalCook
1766 ,ItalArt
1769 ,YouthBks
1769 ,ArtBks
1770 ,GeogBks
1771 ,CookBks
1771 ,DoItYBks
1771 ,Florence
1772 ,ArtBks
1773 ,CookBks
1774 ,CookBks
1775 ,CookBks
1775 ,ArtBks
1776 ,ChildBks
1776 ,RefBks
1778 ,ChildBks
1778 ,YouthBks
1778 ,CookBks
1778 ,RefBks
1778 ,ItalCook
1779 ,YouthBks
1779 ,CookBks
1779 ,ItalCook
1780 ,ChildBks
1782 ,ChildBks
1782 ,YouthBks
1782 ,CookBks
1783 ,ChildBks
1783 ,CookBks
1783 ,DoItYBks
1783 ,GeogBks
1784 ,DoItYBks
1785 ,CookBks
1785 ,ItalCook
1786 ,YouthBks
1787 ,Florence
1788 ,YouthBks
1790 ,YouthBks
1791 ,DoItYBks
1792 ,CookBks
1792 ,ArtBks
1794 ,GeogBks
1797 ,CookBks
1798 ,ChildBks
1798 ,CookBks
1798 ,RefBks
1798 ,ArtBks
1798 ,ItalCook
1798 ,ItalAtlas
1798 ,ItalArt
1799 ,GeogBks
1800 ,ChildBks
1800 ,CookBks
1800 ,DoItYBks
1800 ,RefBks
1800 ,ArtBks
1800 ,GeogBks
1802 ,DoItYBks
1802 ,RefBks
1802 ,ArtBks
1803 ,ChildBks
1803 ,CookBks
1803 ,DoItYBks
1803 ,RefBks
1803 ,ArtBks
1803 ,GeogBks
1803 ,Florence
1804 ,CookBks
1805 ,ChildBks
1805 ,YouthBks
1805 ,DoItYBks
1805 ,GeogBks
1806 ,CookBks
1807 ,ArtBks
1807 ,GeogBks
1808 ,YouthBks
1810 ,CookBks
1811 ,ArtBks
1811 ,Florence
1813 ,CookBks
1815 ,ChildBks
1817 ,YouthBks
1817 ,Florence
1819 ,ChildBks
1819 ,CookBks
1819 ,DoItYBks
1819 ,ArtBks
1819 ,ItalCook
1819 ,ItalArt
1819 ,Florence
1820 ,ChildBks
1820 ,CookBks
1821 ,DoItYBks
1822 ,DoItYBks
1822 ,GeogBks
1822 ,Florence
1824 ,DoItYBks
1825 ,CookBks
1825 ,DoItYBks
1825 ,ArtBks
1825 ,GeogBks
1826 ,CookBks
1827 ,ChildBks
1827 ,ArtBks
1828 ,DoItYBks
1829 ,ArtBks
1830 ,YouthBks
1831 ,YouthBks
1831 ,CookBks
1831 ,DoItYBks
1831 ,RefBks
1831 ,ItalCook
1831 ,Florence
1832 ,CookBks
1832 ,RefBks
1832 ,GeogBks
1832 ,ItalAtlas
1833 ,RefBks
1835 ,ChildBks
1835 ,CookBks
1835 ,DoItYBks
1835 ,ArtBks
1835 ,Florence
1836 ,ChildBks
1836 ,YouthBks
1836 ,CookBks
1836 ,DoItYBks
1838 ,ChildBks
1838 ,YouthBks
1838 ,CookBks
1838 ,RefBks
1838 ,GeogBks
1838 ,ItalCook
1840 ,CookBks
1840 ,ItalCook
1842 ,ChildBks
1842 ,YouthBks
1842 ,CookBks
1842 ,DoItYBks
1842 ,RefBks
1842 ,ArtBks
1842 ,GeogBks
1842 ,ItalCook
1842 ,ItalAtlas
1842 ,ItalArt
1843 ,DoItYBks
1843 ,RefBks
1845 ,YouthBks
1845 ,RefBks
1846 ,YouthBks
1847 ,ChildBks
1847 ,DoItYBks
1847 ,RefBks
1847 ,ArtBks
1847 ,GeogBks
1847 ,Florence
1848 ,ChildBks
1850 ,CookBks
1850 ,GeogBks
1851 ,YouthBks
1851 ,CookBks
1851 ,RefBks
1851 ,GeogBks
1852 ,ChildBks
1852 ,CookBks
1852 ,RefBks
1852 ,GeogBks
1853 ,DoItYBks
1853 ,RefBks
1853 ,ArtBks
1853 ,GeogBks
1854 ,GeogBks
1855 ,YouthBks
1856 ,ChildBks
1856 ,DoItYBks
1857 ,ChildBks
1857 ,YouthBks
1858 ,RefBks
1860 ,ChildBks
1860 ,CookBks
1860 ,DoItYBks
1860 ,RefBks
1861 ,YouthBks
1861 ,CookBks
1862 ,CookBks
1863 ,CookBks
1863 ,GeogBks
1863 ,ItalCook
1864 ,YouthBks
1865 ,ChildBks
1865 ,CookBks
1865 ,DoItYBks
1865 ,RefBks
1865 ,ArtBks
1865 ,GeogBks
1865 ,Florence
1866 ,ChildBks
1866 ,RefBks
1866 ,GeogBks
1867 ,YouthBks
1868 ,ChildBks
1868 ,YouthBks
1868 ,CookBks
1868 ,ArtBks
1868 ,GeogBks
1868 ,Florence
1871 ,Florence
1872 ,ChildBks
1873 ,ChildBks
1873 ,CookBks
1873 ,DoItYBks
1873 ,RefBks
1873 ,ItalAtlas
1875 ,ChildBks
1876 ,CookBks
1877 ,ChildBks
1878 ,YouthBks
1880 ,YouthBks
1880 ,ArtBks
1880 ,Florence
1881 ,ChildBks
1881 ,YouthBks
1881 ,CookBks
1881 ,RefBks
1881 ,ArtBks
1881 ,GeogBks
1882 ,ChildBks
1882 ,YouthBks
1883 ,Florence
1884 ,ChildBks
1884 ,YouthBks
1884 ,CookBks
1884 ,RefBks
1884 ,ArtBks
1884 ,GeogBks
1884 ,ItalCook
1885 ,CookBks
1885 ,ArtBks
1887 ,ChildBks
1887 ,DoItYBks
1889 ,ChildBks
1889 ,YouthBks
1889 ,CookBks
1889 ,RefBks
1889 ,GeogBks
1889 ,ItalCook
1889 ,ItalAtlas
1889 ,Florence
1890 ,CookBks
1890 ,ArtBks
1893 ,CookBks
1893 ,RefBks
1893 ,GeogBks
1893 ,ItalCook
1894 ,ChildBks
1894 ,YouthBks
1894 ,CookBks
1896 ,YouthBks
1898 ,ChildBks
1898 ,YouthBks
1898 ,CookBks
1898 ,DoItYBks
1898 ,RefBks
1898 ,ArtBks
1898 ,GeogBks
1899 ,ChildBks
1899 ,YouthBks
1899 ,CookBks
1899 ,RefBks
1899 ,ArtBks
1899 ,GeogBks
1900 ,ChildBks
1900 ,CookBks
1900 ,GeogBks
1900 ,ItalCook
1900 ,Florence
1901 ,ChildBks
1901 ,CookBks
1903 ,ChildBks
1906 ,ChildBks
1907 ,YouthBks
1907 ,CookBks
1907 ,ItalCook
1909 ,ChildBks
1909 ,YouthBks
1909 ,GeogBks
1912 ,ChildBks
1913 ,YouthBks
1913 ,CookBks
1913 ,DoItYBks
1913 ,RefBks
1913 ,ArtBks
1913 ,GeogBks
1914 ,ArtBks
1914 ,Florence
1916 ,CookBks
1916 ,RefBks
1917 ,ChildBks
1917 ,YouthBks
1917 ,CookBks
1917 ,RefBks
1917 ,GeogBks
1918 ,ArtBks
1919 ,CookBks
1920 ,ChildBks
1920 ,CookBks
1920 ,DoItYBks
1920 ,RefBks
1920 ,ArtBks
1920 ,GeogBks
1922 ,ChildBks
1922 ,YouthBks
1922 ,CookBks
1923 ,ChildBks
1923 ,YouthBks
1923 ,CookBks
1923 ,DoItYBks
1923 ,RefBks
1923 ,GeogBks
1924 ,ChildBks
1924 ,YouthBks
1924 ,CookBks
1924 ,RefBks
1924 ,ArtBks
1924 ,GeogBks
1926 ,ChildBks
1926 ,CookBks
1926 ,DoItYBks
1926 ,RefBks
1926 ,GeogBks
1927 ,Florence
1928 ,ChildBks
1930 ,CookBks
1930 ,DoItYBks
1930 ,GeogBks
1931 ,GeogBks
1932 ,ChildBks
1932 ,YouthBks
1932 ,CookBks
1932 ,DoItYBks
1932 ,RefBks
1932 ,ArtBks
1932 ,GeogBks
1933 ,ChildBks
1933 ,YouthBks
1933 ,ArtBks
1933 ,GeogBks
1934 ,YouthBks
1934 ,CookBks
1934 ,DoItYBks
1934 ,ArtBks
1934 ,GeogBks
1934 ,ItalCook
1934 ,ItalArt
1935 ,RefBks
1937 ,ChildBks
1937 ,CookBks
1937 ,DoItYBks
1937 ,ArtBks
1937 ,GeogBks
1938 ,DoItYBks
1939 ,YouthBks
1939 ,CookBks
1939 ,RefBks
1939 ,ArtBks
1940 ,ChildBks
1940 ,YouthBks
1940 ,CookBks
1940 ,DoItYBks
1940 ,ArtBks
1942 ,ChildBks
1942 ,YouthBks
1943 ,ChildBks
1943 ,YouthBks
1943 ,CookBks
1943 ,DoItYBks
1943 ,RefBks
1943 ,ArtBks
1943 ,GeogBks
1943 ,Florence
1944 ,ChildBks
1944 ,YouthBks
1944 ,ArtBks
1946 ,ChildBks
1946 ,ArtBks
1946 ,GeogBks
1946 ,Florence
1947 ,DoItYBks
1948 ,ChildBks
1948 ,CookBks
1948 ,DoItYBks
1948 ,GeogBks
1949 ,ChildBks
1949 ,DoItYBks
1949 ,RefBks
1949 ,GeogBks
1950 ,ChildBks
1950 ,CookBks
1950 ,DoItYBks
1950 ,RefBks
1950 ,GeogBks
1950 ,ItalCook
1950 ,ItalAtlas
1951 ,YouthBks
1951 ,ArtBks
1951 ,Florence
1952 ,Florence
1953 ,GeogBks
1954 ,Florence
1955 ,ChildBks
1955 ,YouthBks
1955 ,CookBks
1955 ,DoItYBks
1955 ,ArtBks
1955 ,GeogBks
1956 ,ChildBks
1956 ,CookBks
1956 ,RefBks
1956 ,ItalAtlas
1957 ,ChildBks
1958 ,ChildBks
1958 ,CookBks
1958 ,ItalCook
1959 ,ChildBks
1959 ,YouthBks
1959 ,CookBks
1959 ,DoItYBks
1959 ,RefBks
1959 ,ArtBks
1959 ,GeogBks
1959 ,ItalCook
1959 ,ItalArt
1960 ,ChildBks
1960 ,CookBks
1960 ,DoItYBks
1960 ,RefBks
1960 ,ItalCook
1960 ,ItalAtlas
1960 ,Florence
1961 ,YouthBks
1962 ,ChildBks
1963 ,ChildBks
1963 ,YouthBks
1963 ,CookBks
1963 ,DoItYBks
1963 ,ArtBks
1963 ,GeogBks
1964 ,ChildBks
1964 ,DoItYBks
1964 ,RefBks
1964 ,ArtBks
1965 ,ChildBks
1966 ,ChildBks
1966 ,DoItYBks
1967 ,YouthBks
1967 ,CookBks
1967 ,DoItYBks
1967 ,GeogBks
1967 ,ItalCook
1969 ,ChildBks
1969 ,Florence
1970 ,GeogBks
1972 ,CookBks
1973 ,ChildBks
1974 ,DoItYBks
1974 ,ArtBks
1975 ,ChildBks
1975 ,Florence
1976 ,CookBks
1977 ,YouthBks
1978 ,ChildBks
1978 ,CookBks
1978 ,RefBks
1978 ,GeogBks
1979 ,CookBks
1979 ,DoItYBks
1979 ,ArtBks
1980 ,CookBks
1980 ,DoItYBks
1980 ,ArtBks
1980 ,ItalCook
1982 ,CookBks
1983 ,ChildBks
1983 ,YouthBks
1983 ,CookBks
1983 ,RefBks
1983 ,ArtBks
1983 ,ItalCook
1983 ,ItalAtlas
1983 ,ItalArt
1984 ,ChildBks
1985 ,ChildBks
1987 ,ChildBks
1987 ,YouthBks
1987 ,CookBks
1987 ,DoItYBks
1987 ,ArtBks
1987 ,GeogBks
1989 ,ChildBks
1990 ,ChildBks
1990 ,CookBks
1990 ,DoItYBks
1990 ,GeogBks
1990 ,ItalCook
1991 ,ArtBks
1992 ,YouthBks
1992 ,CookBks
1992 ,DoItYBks
1992 ,ArtBks
1992 ,GeogBks
1992 ,ItalCook
1992 ,ItalArt
1995 ,CookBks
1995 ,ArtBks
1995 ,GeogBks
1995 ,ItalCook
1995 ,ItalArt
1995 ,Florence
1998 ,CookBks
